account_name,company_category,sub_segment,contact_name,contact_title,priority_tier,profile_url,contact_email,email_status,source,found_date,contact_status,touches,last_touch_date,last_channel,outcome,notes
Form Energy,Cat4,4C,Catherine Carmichael,"Vice President of Global Supply Chain",ALTA,https://formenergy.com/team/catherine-carmichael/,,NOT_ATTEMPTED,WebSearch,2026-08-04,active,,,,,
Form Energy,Cat4,4C,Alex Dreyfuss,"Manager, Manufacturing Capex Sourcing",ALTA,https://www.linkedin.com/in/alexanderdreyfuss/,,NOT_ATTEMPTED,WebSearch,2026-08-04,active,,,,,
Form Energy,Cat4,4C,Thomas Conry,"Sr. Manager, Supply Strategy & Technology",ALTA,https://www.linkedin.com/in/thomas-conry,,NOT_ATTEMPTED,WebSearch,2026-08-04,bench,,,,,
Form Energy,Cat4,4C,Moshe Farber,Global Supply Manager,ALTA,https://www.linkedin.com/in/mlfarber/,,NOT_ATTEMPTED,WebSearch,2026-08-04,bench,,,,,
EnerVenue,Cat4,4C,Steven Brown,"Director, Sourcing & Supply Chain",ALTA,https://theorg.com/org/enervenue/org-chart/steven-brown,,NOT_ATTEMPTED,WebSearch,2026-08-04,active,,,,,
EnerVenue,Cat4,4C,Santhosh Medeti,NPI Procurement Manager,ALTA,https://www.linkedin.com/in/santhoshmedeti/,,NOT_ATTEMPTED,WebSearch,2026-08-04,active,,,,,
EnerVenue,Cat4,4C,Matthew Price,Director of Advanced Mfg Engineering,SECUNDARIA,https://theorg.com/org/enervenue/org-chart/matthew-price,,NOT_ATTEMPTED,WebSearch,2026-08-04,bench,,,,,
Eos Energy Enterprises,Cat4,4C,Jessica Troiano,"VP of Supply Chain",ALTA,https://www.linkedin.com/in/jessica-troiano-mba-cpim-93b92021,,NOT_ATTEMPTED,WebSearch,2026-08-04,active,,,,,
Eos Energy Enterprises,Cat4,4C,Garrett Dutkiewicz,"Senior Manager, Procurement",ALTA,https://www.linkedin.com/in/garrett-dutkiewicz/,,NOT_ATTEMPTED,WebSearch,2026-08-04,active,,,,,
Eos Energy Enterprises,Cat4,4C,Jennifer Varner,Supply Chain Manager,ALTA,https://www.linkedin.com/in/jennvarner/,,NOT_ATTEMPTED,WebSearch,2026-08-04,bench,,,,,
Eos Energy Enterprises,Cat4,4C,Brett Hyndman,Plant Manager,SECUNDARIA,https://www.linkedin.com/in/brett-hyndman-00761325/,,NOT_ATTEMPTED,WebSearch,2026-08-04,bench,,,,,
Moment Energy,Cat4,4C,Doreen Graw,Supply Chain Manager,ALTA,https://ca.linkedin.com/in/doreen-graw-1624a1125,,NOT_ATTEMPTED,WebSearch,2026-08-04,active,,,,,
Moment Energy,Cat4,4C,Nawaf Parkar,Technical Procurement Specialist,ALTA,https://ca.linkedin.com/in/nawaf-parkar-75553445,,NOT_ATTEMPTED,WebSearch,2026-08-04,active,,,,,
Moment Energy,Cat4,4C,Welisane Divine,Supply Chain Coordinator,ALTA,https://theorg.com/org/moment-energy/teams/supply-chain-management,,NOT_ATTEMPTED,WebSearch,2026-08-04,bench,,,,,
Moment Energy,Cat4,4C,Sumreen Rattan,Co-founder & COO,SECUNDARIA,https://www.crunchbase.com/person/sumreen-rattan,,NOT_ATTEMPTED,WebSearch,2026-08-04,bench,,,,,
Redwood Materials,Cat4,4C,Jennifer Darrough,"Director, Global Supply Chain Procurement",ALTA,https://www.linkedin.com/in/jenniferdarrough,,NOT_ATTEMPTED,WebSearch,2026-08-04,active,,,,,
Redwood Materials,Cat4,4C,Ryan Nungesser,"VP, Supply Chain & Operational Excellence",ALTA,https://theorg.com/org/redwood-materials?person=ryan-nungesser,,NOT_ATTEMPTED,WebSearch,2026-08-04,active,,,,,
Redwood Materials,Cat4,4C,Trevor Doyle,"Principal, Global Supply Chain",ALTA,https://www.linkedin.com/in/trevor-doyle-5567a999/,,NOT_ATTEMPTED,WebSearch,2026-08-04,bench,,,,,
Rosendin Electric,Cat3,N/A-Cat3,Marshall Giasson,"Senior Manager, Supply Chain (Modular Power Solutions)",Principal,https://www.linkedin.com/in/marshall-giasson-441177147/,,NOT_ATTEMPTED,WebSearch,2026-08-04,active,,,,,
Rosendin Electric,Cat3,N/A-Cat3,Steve Robinson,Manager of Procurement,Principal,https://www.linkedin.com/in/steve-robinson-70a69916/,,NOT_ATTEMPTED,WebSearch,2026-08-04,active,,,,,
Rosendin Electric,Cat3,N/A-Cat3,Simon Harkins,"Managing Director & VP, Modular Power Solutions",Secundario,https://www.linkedin.com/in/simon-harkins-p-e-atd-4a15138/,,NOT_ATTEMPTED,WebSearch,2026-08-04,bench,,,,,
Rosendin Electric,Cat3,N/A-Cat3,Brandon Floyd,"Senior Director, Operations (Modular Power Solutions)",Secundario,https://www.linkedin.com/in/brandon-floyd-3502b164/,,NOT_ATTEMPTED,WebSearch,2026-08-04,bench,,,,,
Excellerate,Cat3,N/A-Cat3,Lee Roberts,Vice President Operations (listed at FTI parent level),Secundario,https://theorg.com/org/excellerate/org-chart/lee-roberts,,NOT_ATTEMPTED,WebSearch,2026-08-04,active,,,,,
Prolec GE,Cat4,4B,Raul Torres,"Supply Chain VP",ALTA,https://theorg.com/org/prolec/org-chart/raul-torres,,NOT_ATTEMPTED,WebSearch,2026-08-06,active,,,,,
Prolec GE,Cat4,4B,Daniel Sullivan,"Purchasing Manager",ALTA,https://www.linkedin.com/in/daniel-sullivan-cscp-92a4253a/,,NOT_ATTEMPTED,WebSearch,2026-08-06,active,,,,,
Prolec GE,Cat4,4B,Troy Kabrich,"Vice President US Operations",SECUNDARIA,,,NOT_ATTEMPTED,WebSearch,2026-08-06,bench,,,,,
Prolec GE,Cat4,4B,Geoff Lex,"Operations Engineering Manager",SECUNDARIA,https://www.linkedin.com/in/geoff-lex-80131338/,,NOT_ATTEMPTED,WebSearch,2026-08-06,bench,,,,,
Industrial Electric Mfg. (IEM),Cat4,4B,Ronnie Johnson,"Operations Manager",SECUNDARIA,https://www.linkedin.com/in/ronnie-johnson-535503132/,,NOT_ATTEMPTED,WebSearch,2026-08-06,active,,,,,
Industrial Electric Mfg. (IEM),Cat4,4B,Michael Bernstein,"Director of Operations (Jacksonville 2)",SECUNDARIA,https://theorg.com/org/industrial-electric-mfg-inc/org-chart/michael-bernstein,,NOT_ATTEMPTED,WebSearch,2026-08-06,bench,,,,,
Industrial Electric Mfg. (IEM),Cat4,4B,Kris Syal,"Supply Chain Director",ALTA,https://www.linkedin.com/in/krissyal/,,NOT_ATTEMPTED,Deepline: wiza_search_prospects,2026-08-06,active,,,,,
PCX Corporation,Cat4,4B,Stevie Prince,Buyer,ALTA,https://www.linkedin.com/in/stevie-prince-b90800338/,,NOT_ATTEMPTED,WebSearch,2026-08-06,active,,,,,
PCX Corporation,Cat4,4B,Matthew Upchurch,"Buyer 1",ALTA,https://theorg.com/org/pcx-holding/teams/procurement-and-materials-management,,NOT_ATTEMPTED,WebSearch,2026-08-06,active,,,,,
PCX Corporation,Cat4,4B,Brian Studt,"Plant Manager",SECUNDARIA,https://www.pcxcorp.com/about-us/pcx-leadership/,,NOT_ATTEMPTED,WebSearch,2026-08-06,bench,,,,,
PCX Corporation,Cat4,4B,Gary Pollock,"Director of Modular Solutions",SECUNDARIA,https://www.pcxcorp.com/about-us/pcx-leadership/,,NOT_ATTEMPTED,WebSearch,2026-08-06,bench,,,,,
Pennsylvania Transformer Technology (PTT),Cat4,4B,Nitin Nayak,"Head of Operations & Supply Chain",ALTA,https://www.linkedin.com/in/nitin-nayak-328163a/,,NOT_ATTEMPTED,WebSearch,2026-08-06,active,,,,,
Pennsylvania Transformer Technology (PTT),Cat4,4B,Abhilash Mishra,"Vice President, Operations",SECUNDARIA,https://www.zoominfo.com/p/Abhilash-Mishra/10276378223,,NOT_ATTEMPTED,WebSearch,2026-08-06,active,,,,,
Cupertino Electric,Cat3,N/A-Cat3,Ryan Huerter,"Director of Procurement",Principal,https://www.linkedin.com/in/ryan-huerter/,,NOT_ATTEMPTED,WebSearch,2026-08-06,active,,,,,
