account_name,company_category,sub_segment,priority,vertical_owner,anchor_products,notion_scope,excluded,exclusion_reason,reasoning,committee_status,contact_1_name,contact_1_title,contact_2_name,contact_2_title
"Vantage Data Centers","Cat1","N/A-Cat1","UNKNOWN","UNKNOWN","UNCLEAR - reference/prima-catalog.md not found in repo","","yes","ICP disqualified: scope = Disqualify (no direct equipment operation) - self-assessed via public sourcing, not yet curated in Notion","Classic wholesale/Powered Shell colocation developer (confirmed via WebSearch: in Vantage's Powered Shell model the tenant self-procures cooling, backup generators and IT systems). Same landlord pattern as Applied Digital's APLD side / Notion Category 6. The real equipment buyer in the cited deal is the tenant, Nebius -- redirect outreach there, not to Vantage itself.","NOT_RUN - excluded before committee","","","",""
"Cerebras Systems","Cat1","N/A-Cat1","UNKNOWN","UNKNOWN - pending Manu decision","UNCLEAR - reference/prima-catalog.md not found in repo","","no","","AI chip/inference company scaling to 600MW+ contracted data center capacity via long-term deals with specialized DC operators (e.g. Compute Nordic Finland in Mikkeli). Facility appears jointly designed but is operated by the DC partner, not Cerebras alone -- procurement split (who buys cooling/power vs. who buys Cerebras' own compute racks) is not fully confirmed (Partial/Strong, not verified Full). No Notion curation exists yet for this company. Kept IN provisionally -- flag for human scope confirmation before treating as a firm Cat1 fit.","CONTACT_FOUND (fallback only)","Dhiraj Mallick","COO (oversees engineering, operations and supply chain -- COO fallback tier, no PRINCIPAL-tier name found)","",""
"SambaNova Systems","Cat1","N/A-Cat1","UNKNOWN","UNKNOWN - pending Manu decision","UNCLEAR - reference/prima-catalog.md not found in repo","","no","","AI inference chip vendor that also operates its own managed inference-cloud deployments (SambaManaged) -- dual hardware-vendor + infrastructure-operator model. $1B Series F + Intel data-center-blueprint collaboration signal supports equipment-buyer status for its own deployments, though a large share of its business is supplying OTHER operators' data centers rather than buying purely for its own sites -- scope needs Notion confirmation.","CONTACT_FOUND (fallback only)","Clyde Hosein","President & COO (COO fallback tier, no PRINCIPAL-tier name found)","",""
"Groq","Cat1","N/A-Cat1","UNKNOWN","UNKNOWN - pending Manu decision","UNCLEAR - reference/prima-catalog.md not found in repo","","no","","Runs 13 data centers globally as a neocloud, scaling toward 200MW of owned/operated AI compute capacity -- clear direct equipment-buyer profile, consistent with Cat1's Strong/Full criteria.","CONTACT_FOUND (fallback only, conflicting reports)","Sunny Madra","COO / President (Cloud, Sales/GTM, Supply Chain and Operations) -- per The Org; note a separate press mention names Alan Rice (ex-xAI/Meta) as COO -- conflicting sources, verify current titleholder before outreach","",""
"Switch Inc","UNKNOWN","UNKNOWN","UNKNOWN","UNKNOWN","UNKNOWN","","yes","Out of scope: Category 5 (Integrated DC Campus Builders) per Notion Data Centers GTM -- page states verbatim 'Switch has moved to Category 5'","Notion's own page directly names Switch's current category, overriding the tentative Cat1 tag from the discovery pass. Category 5 (GC/campus-builder) is out of scope for this repo's Cat1-4 pipeline.","NOT_RUN - excluded before committee (out of scope)","","","",""
"G42 (Core42)","Cat1","N/A-Cat1","UNKNOWN","UNKNOWN - pending Manu decision","UNCLEAR - reference/prima-catalog.md not found in repo","","no","","Sovereign AI cloud operator building and equipping its own AI factory campuses via subsidiary Khazna Data Centers (200MW UAE expansion, part of $15.2B Microsoft UAE investment) -- clear direct equipment-buyer profile.","CONTACT_FOUND (fallback/adjacent tier)","Bart Holsters","Senior Director - Operational Excellence, Khazna Data Centers (the subsidiary that actually builds/operates the equipment); no exact VP Infrastructure/Procurement Director name confirmed","",""
"Aligned Data Centers","Cat1","N/A-Cat1","UNKNOWN","UNKNOWN - pending Manu decision","UNCLEAR - reference/prima-catalog.md not found in repo","","yes","ICP disqualified: scope = Disqualify (no direct equipment operation) - self-assessed via public sourcing, not yet curated in Notion","Confirmed via WebSearch: Aligned operates a wholesale/Powered Shell colocation model (landlord provides power/cooling/security shell; tenant installs and operates its own cooling, generators and IT systems). The NVIDIA/BlackRock/Microsoft ~$40B acquisition doesn't change this landlord business model. Redirect outreach to Aligned's actual tenants (the AI operators leasing its 50+ campuses), not to Aligned itself.","NOT_RUN - excluded before committee","","","",""
"QumulusAI","Cat1","N/A-Cat1","UNKNOWN","UNKNOWN - pending Manu decision","UNCLEAR - reference/prima-catalog.md not found in repo","","no","","AI cloud operator directly deploying 21,000+ NVIDIA Blackwell GPUs at its own capacity ($300M forward ARR guidance, 18MW live scaling to 2.5GW) -- direct equipment buyer.","NEEDS_HUMAN_REVIEW - no PRINCIPAL/COO name found","Michael Maniscalco","CEO of AI Infrastructure (founder/CEO-level fallback of last resort; no VP Infrastructure/COO name found in public sourcing)","",""
"Firmus","Cat1","N/A-Cat1","UNKNOWN","UNKNOWN - pending Manu decision","UNCLEAR - reference/prima-catalog.md not found in repo","","no","","NVIDIA-backed neocloud building and equipping its own 360MW AI Factory campus in Batam, Indonesia (Project Southgate, targeting 1.6GW by 2028) -- direct equipment buyer.","NEEDS_HUMAN_REVIEW - no PRINCIPAL/COO name found","Tim Rosenfield","Co-CEO (founder-level fallback of last resort; no VP Infrastructure/Operations/COO name found)","Oliver Curtis","Co-CEO (same fallback basis)"
"Yotta Data Services","Cat1","N/A-Cat1","UNKNOWN","UNKNOWN - pending Manu decision","UNCLEAR - reference/prima-catalog.md not found in repo","","no","","Confirmed via WebSearch: owns and operates its own Tier IV data center campus (Greater Noida, 60MW scaling to 250MW) and its own GPU clusters (60-70% of India's GPU capacity, not a colocation tenant) -- clear direct equipment-buyer profile.","NEEDS_HUMAN_REVIEW - role exists but no name found","Sunil Gupta","Co-Founder, CEO & Managing Director (founder-level fallback; a 'VP Finance, SCM, Procurement' role was found on record but no name was publicly attached to it)","",""
"Neysa","Cat1","N/A-Cat1","UNKNOWN","UNKNOWN - pending Manu decision","UNCLEAR - reference/prima-catalog.md not found in repo","","no","","Confirmed via WebSearch: designs, deploys and operates its own GPU-as-a-Service infrastructure in India (~1,200 GPUs live, scaling to 20,000+ on $1.2B Blackstone-led raise) -- direct equipment operator.","CONTACT_FOUND","Sadique Akhtar","VP Engineering Infrastructure","",""
"WhiteFiber","Cat1","N/A-Cat1","UNKNOWN","UNKNOWN - pending Manu decision","UNCLEAR - reference/prima-catalog.md not found in repo","","no","","GPU cloud/AI data center operator spun off from Bit Digital (the crypto-mining side, already tracked as Cat2 in leads_master.csv) -- WhiteFiber is the AI-compute-operator half of that split, directly acquiring sites and equipment for AI capacity. Direct equipment-buyer profile.","CONTACT_FOUND","Billy Krassakopoulos","President of Data Centers (20+ year data center veteran, founded Netintelligent Hosting Services)","",""
"Bitfarms (Keel Infrastructure)","Cat2","N/A-Cat2","UNKNOWN","UNKNOWN - pending Manu decision","UNCLEAR - reference/prima-catalog.md not found in repo","","no","","Public Bitcoin miner formally exiting crypto to become an HPC/AI DC developer/operator, converting its own 341MW site capacity to AI hosting -- direct equipment operator, meets Cat2's public-company + explicit-pivot criteria.","CONTACT_FOUND","Benoit Gobeil","Chief Infrastructure Officer (promoted from EVP of Operations & Infrastructure)","Liam Wilson","Chief Operating Officer"
"Sphere 3D (Cathedra Bitcoin)","Cat2","N/A-Cat2","UNKNOWN","UNKNOWN - pending Manu decision","UNCLEAR - reference/prima-catalog.md not found in repo","","no","","Public miner (Nasdaq: ANY) merged with Cathedra Bitcoin, repositioning ~53MW operating + 100MW+ pipeline toward AI/HPC -- meets Cat2's public-company scale + recent-pivot criteria.","NEEDS_HUMAN_REVIEW - no PRINCIPAL/COO name found","Joel Block","CEO of the combined company (founder/C-suite fallback of last resort; no COO/VP Operations/Head of Data Center name found)","",""
"Digihost Technology","Cat2","N/A-Cat2","UNKNOWN","UNKNOWN - pending Manu decision","UNCLEAR - reference/prima-catalog.md not found in repo","","no","","Public Bitcoin miner (DGHI) launching a dedicated wholly-owned subsidiary, US Data Centers Inc., to build/operate its own 55MW AI/HPC facility in Alabama -- direct equipment operator.","NEEDS_HUMAN_REVIEW - no PRINCIPAL/COO name found","Michel Amar","CEO and Chairman of parent company Digihost Technology (fallback of last resort; the US Data Centers subsidiary's own operational leadership is not yet publicly disclosed)","",""
"Greenidge Generation (Vulcan Infrastructure and Power)","Cat2","N/A-Cat2","UNKNOWN","UNKNOWN - pending Manu decision","UNCLEAR - reference/prima-catalog.md not found in repo","","no","","Public miner (rebranded Nasdaq: GREE to VIP) formally pivoting to an AI/HPC powered-infrastructure platform, 104MW energized capacity, $39.4M PIPE raised -- direct equipment operator, meets Cat2's public-company + pivot-signal criteria.","CONTACT_FOUND","Jeff Irwin","President (oversees day-to-day operations)","Jordan Kovler","CEO (secondary/fallback contact)"
"Cango Inc","Cat2","N/A-Cat2","UNKNOWN","UNKNOWN - pending Manu decision","UNCLEAR - reference/prima-catalog.md not found in repo","","no","","Public Bitcoin miner (NYSE: CANG) that sold ~$305M of BTC to fund its EcoHash HPC/AI subsidiary, which has since begun commercial GPU compute operations at a Georgia facility. Meets Cat2's public-company scale bar, but the equipment-procurement/operating details are thinner than peers -- similar to how Notion itself flags MARA as the weakest Cat2 pivot signal among peers. Kept IN provisionally.","NEEDS_HUMAN_REVIEW - no PRINCIPAL/COO name found","Jack Jin","CTO of EcoHash (weak/adjacent match -- not an Operations/Infrastructure/Procurement title; no COO or VP Operations name found)","",""
"DMG Blockchain Solutions","Cat2","N/A-Cat2","UNKNOWN","UNKNOWN - pending Manu decision","UNCLEAR - reference/prima-catalog.md not found in repo","","no","","Public miner (TSXV: DMGI) signed a 12-year LOI for a 50MW AI data center colocation deal at its own Christina Lake, BC facility -- same self-operate-and-host pattern Notion already accepts for TeraWulf's G42 lease (owns/operates the site, hosts the AI tenant). Note: still an LOI, not a signed/closed deal -- earlier-stage than most peers in this batch.","NEEDS_HUMAN_REVIEW - no PRINCIPAL/COO name found","Sheldon Bennett","Chief Executive Officer (founder/C-suite fallback of last resort; no COO/VP Operations/Head of Data Center name found)","",""
"Hyperscale Data Inc (Ault Alliance)","Cat2","N/A-Cat2","UNKNOWN","UNKNOWN - pending Manu decision","UNCLEAR - reference/prima-catalog.md not found in repo","","no","","Crypto/blockchain-holding-company-turned-data-center operator; signed a 10-year ~$1.2B MSA to deliver 20MW of AI compute capacity at its own Michigan campus to a California neocloud customer -- same self-operate-and-host colocation pattern as TeraWulf/DMG; direct equipment operator of the underlying site.","NEEDS_HUMAN_REVIEW - no PRINCIPAL/COO name found","William B. Horne","CEO (fallback of last resort)","Milton \"Todd\" Ault III","Executive Chairman (secondary fallback; no COO/VP Operations/Head of Data Center name found)"
"Hive Digital Technologies","Cat2","N/A-Cat2","UNKNOWN","UNKNOWN - pending Manu decision","UNCLEAR - reference/prima-catalog.md not found in repo","","no","","Public Bitcoin miner (Nasdaq: HIVE) whose BUZZ HPC subsidiary is deploying liquid-cooled GPUs and has signed ~$30M in AI cloud contracts at its own Manitoba site -- direct equipment operator, clear Full/Strong fit.","CONTACT_FOUND","Craig Tavares","President & Chief Operating Officer, BUZZ HPC","",""
