account_name,contact_name,contact_title,linkedin_url,source
"RunPod","Brennen Smith","CTO (leads engineering, infrastructure and capital deployment operations -- C-suite/FALLBACK tier, no PRINCIPAL-tier name found)","https://www.linkedin.com/in/brennensmith/","WebSearch"
"Voltage Park","Ozan Kaya","President of Lightning AI (formerly CEO of Voltage Park pre-merger; C-suite/FALLBACK tier)","https://www.linkedin.com/in/ozan-kaya-1762885/","WebSearch"
"Together AI","Mahadev Konar","SVP of Infrastructure Engineering (PRINCIPAL tier -- ex-VP Infrastructure at Instacart, Apache Hadoop co-architect)","","WebSearch (together.ai company blog)"
"TensorWave","Lindsey Bauer","VP of Operations (PRINCIPAL tier)","https://www.linkedin.com/in/lindseyabauer","WebSearch"
"Nebius","Andrey Korolenko","Head of Infrastructure (PRINCIPAL tier)","https://nl.linkedin.com/in/andreykorolenko","WebSearch"
"Nebius","Sergey Davydov","Head of Data Center IT Operations (PRINCIPAL tier)","https://www.linkedin.com/in/sergey-davydov-b61020138/","WebSearch"
"MARA Holdings","Raymond Walintukan","SVP of Mining Operations (PRINCIPAL tier, function-matches VP Operations for physical site operations)","https://www.linkedin.com/in/raymond-w-btc/","WebSearch"
"CleanSpark","Jeffrey Thomas","SVP of AI Data Centers, hired Oct 2025 to lead AI data center expansion (PRINCIPAL tier, strong match)","","WebSearch (CleanSpark investor press release, PRNewswire)"
"CleanSpark","Rich Davis","Managing Director, Infrastructure Operations (PRINCIPAL tier)","https://www.linkedin.com/in/vgcrld/","WebSearch"
"Hut 8","William Kister","Director, Data Center Development (PRINCIPAL tier)","https://www.linkedin.com/in/william-kister/","WebSearch"
"Hut 8","Jon Cass","Director, Infrastructure & Operations, Hut 8 Canada (PRINCIPAL tier)","https://www.linkedin.com/in/jon-cass-15095a40/","WebSearch"
"Cipher Mining","Lee Rivers","Director of Field Operations (one LinkedIn snippet also showed \"Senior Vice President, Data Centers\" for the same profile -- title inconsistent across search snippets, PRINCIPAL tier either way, verify exact current title before outreach)","https://www.linkedin.com/in/lee-rivers-b53134b9/","WebSearch"
"Soluna","Ryan Carver","Chief Development Officer -- full lifecycle of Soluna's AI/HPC data center platform (site origination, power procurement, design, construction, commissioning, ongoing operations); joined July 2026 from Microsoft (Senior Director, AI Construction & Site Development)","","Soluna official announcement (solunacomputing.com/news/ryan-carver-cdo/), corroborated by Investing.com, MarketScreener, Yahoo Finance, Businesswire/SEC filing"
"Cerebras Systems","Pavan Balaji","Director, Global Data Center Procurement & Contracts -- leads procurement/contracting strategy for Cerebras' global data center infrastructure (fit-out equipment sourcing, GC/A&E/commissioning-agent commercial strategy)","https://www.linkedin.com/in/pavanbalaji/","LinkedIn profile + press coverage"
"Groq","Rahul Singh","Vice President of Global Operations -- IT infrastructure, supply chain optimization, data center operations, project management (since Dec 2024)","","TheOrg.com org chart (theorg.com/org/groq/org-chart/rahul-singh), corroborated by ZoomInfo"
"Applied Digital","Brad Barton","Senior Vice President of Construction Procurement","https://www.linkedin.com/in/brad-barton-b4523420/","WebSearch (also corroborated by ZoomInfo, DataCenterDynamics speaker profile, applieddigital.com IR leadership page)"
"Core Scientific","Rob Hepler","Head of Data Center Operations","https://www.linkedin.com/in/rob-hepler-3521225/","WebSearch (corescientific.com company blog post announcing the hire, corroborated by Core Scientific's own X/Twitter post)"
