account_name,company_category,signal_source,signal_detail,signal_url,signal_date,why_fits
"Vantage Data Centers","Cat1","Vantage Data Centers press release / Capacity Media","Vantage and Nebius agreed to deploy NVIDIA-powered AI infrastructure at Vantage's CWL1 campus in Newport, Wales -- first commercial capacity commitment in the South Wales AI Growth Zone","https://vantage-dc.com/news/vantage-data-centers-and-nebius-expand-uk-ai-infrastructure-with-first-deployment-in-south-wales-ai-growth-zone/","2026-08-13","Builds and operates own multi-gigawatt data center campuses (incl. 1.4GW Texas) leased to AI operators for direct GPU deployment -- equipment procurement scope"
"Cerebras Systems","Cat1","DataCenterDynamics / Cerebras press release","Live and under-contract data center capacity tops 600MW; closed $1.1B funding round at $8.1B valuation; building 165MW Finland campus","https://www.datacenterdynamics.com/en/news/cerebras-closes-11bn-funding-round-at-18bn-valuation/","2026-07","AI chip/inference cloud operator building and equipping its own multi-hundred-MW data center capacity"
"SambaNova Systems","Cat1","Intel Capital / DataCenterDynamics","Raised $1B Series F led by General Atlantic; multi-year strategic collaboration with Intel on AI data center blueprints","https://www.intelcapital.com/sambanova-unveils-fastest-chip-for-agentic-ai-collaborates-with-intel-and-raises-350m/","2026-07","AI inference infrastructure provider scaling its own data center capacity with large fresh capital"
"Groq","Cat1","TechCrunch / Bloomberg","Closed $650M raise to expand AI inference cloud and data centers, following $20B NVIDIA licensing deal","https://techcrunch.com/2026/06/22/ai-chipmaker-groq-confirms-650m-raise-re-staffs-after-nvidias-20b-not-acqui-hire-deal/","2026-06-22","Neocloud operator running 13 data centers globally, scaling toward 200MW of owned/operated AI compute capacity"
"Switch Inc","Cat1","GuruFocus / DataCenterDynamics","Secured $2.6B in committed funding for AI data center expansion; new 382-acre Pennsylvania campus announced","https://www.gurufocus.com/news/8806062/switch-secures-26-billion-funding-for-data-center-expansion","2026-04","Builds and equips its own AI-ready data center campuses at gigawatt scale, direct equipment buyer"
"G42 (Core42)","Cat1","Microsoft Source EMEA / DataCenterDynamics","Microsoft and G42 expanding UAE data center capacity by 200MW via G42 subsidiary Khazna, part of $15.2B Microsoft UAE investment","https://news.microsoft.com/source/emea/2025/11/microsoft-and-g42-accelerate-uaes-digital-future-with-major-data-centre-expansion/","2025-11","Sovereign AI cloud operator building and equipping its own AI factory campuses at scale"
"Aligned Data Centers","Cat1","Barchart / MarketBeat","Group including NVIDIA, BlackRock and Microsoft agreed to acquire Aligned Data Centers (5GW+ operational capacity across 50 campuses) in a ~$40B deal to expand AI infrastructure","https://www.barchart.com/story/news/35464704/group-including-nvidia-blackrock-buying-aligned-data-centers-in-deal-worth-about-40-billion","2025-10-15","Multi-gigawatt AI/cloud data center operator with direct NVIDIA/hyperscaler capital backing for equipment-heavy buildout"
"QumulusAI","Cat1","BusinessWire","Issued FY2026 guidance of $300M forward ARR backed by 18MW of capacity, with line of sight to 2.5GW by FY2027; deploying 21,000+ NVIDIA Blackwell GPUs","https://www.businesswire.com/news/home/20260714076612/en/QumulusAI-Issues-Fiscal-Year-2026-Guidance-$300-Million-in-Forward-ARR-Backed-by-18-MW-of-Capacity","2026-07-14","AI cloud operator directly deploying and scaling its own GPU/data center capacity"
"Firmus","Cat1","ValueAddVC / DataCenterDynamics","Raised $2B at $10.5B valuation; NVIDIA-backed 360MW AI Factory campus in Batam, Indonesia under Project Southgate (targeting 1.6GW by 2028)","https://valueaddvc.com/blog/firmus-2b-raise-10-5b-valuation-nvidia-blackstone-ai-data-centers","2026-08-07","NVIDIA-backed neocloud building and equipping its own multi-hundred-MW AI factory campuses"
"Yotta Data Services","Cat1","Business Standard","Raised $150M at $3.9B valuation to fund AI infrastructure expansion; scaling toward 85,000 NVIDIA GPUs including Blackwell Ultra","https://www.business-standard.com/companies/start-ups/yotta-raises-150-mn-at-37-000-crore-valuation-to-fund-ai-expansion-126070500709_1.html","2026-07-06","AI infrastructure operator directly procuring and deploying tens of thousands of GPUs at its own data centers"
"Neysa","Cat1","Blackstone press release","Blackstone-affiliated funds led a $1.2B capital raise into Neysa to build India's AI infrastructure platform, backing deployment of 20,000+ GPUs","https://www.blackstone.com/news/press/blackstone-leads-funding-of-over-1-billion-to-neysa-to-work-towards-building-indias-leading-ai-infrastructure-platform/","2026-02-16","AI infrastructure platform operator with direct large-scale GPU procurement funded by a single large capital raise"
"WhiteFiber","Cat1","Yahoo Finance","Agreed to acquire two North Carolina data center development sites for $60M (60MW combined capacity), transaction expected to close Q4 2026; Q1 2026 revenue up 31%","https://finance.yahoo.com/technology/ai/articles/whitefiber-expands-north-carolina-data-120000245.html","2026 (close expected Q4 2026)","GPU cloud/AI data center operator (spun off from Bit Digital, separately NASDAQ-listed as WYFI) directly acquiring sites and equipment for AI capacity"
"Bitfarms (Keel Infrastructure)","Cat2","CoinDesk / Investor relations Bitfarms","Completed US redomiciliation and rebrand to Keel Infrastructure following March 20, 2026 shareholder vote, exiting Bitcoin mining to focus on HPC/AI data centers (341MW capacity, Washington site conversion)","https://www.coindesk.com/business/2026/02/06/bitfarms-says-it-s-no-longer-a-bitcoin-company-doubling-down-on-ai-with-u-s-move","2026-03-20","Public Bitcoin miner formally exiting crypto to become an HPC/AI data center developer, converting existing megawatt capacity to AI hosting"
"Sphere 3D (Cathedra Bitcoin)","Cat2","StockTitan / CryptoBriefing","Closed combination with Cathedra Bitcoin creating ~53MW operating capacity plus 100MW+ development pipeline, repositioning toward AI/HPC workloads","https://cryptobriefing.com/sphere-3d-ai-hpc-tva-build-out/","2026-06-01","Bitcoin-mining-derived platform pivoting its megawatt capacity to AI/HPC hosting post-merger"
"Digihost Technology","Cat2","IntelligentCIO North America","Launched US Data Centers subsidiary to build a 55MW AI/HPC Tier 3 facility in Alabama (Phase 1: 22MW by Q2 2026)","https://www.intelligentcio.com/north-america/2026/02/13/digihost-launches-us-data-centers-to-build-55mw-ai-and-hpc-tier-3-facility-in-alabama/","2026-02-13","Bitcoin miner converting mining site capacity into a dedicated AI/HPC data center subsidiary"
"Greenidge Generation (Vulcan Infrastructure and Power)","Cat2","citybiz / DataCenterDynamics","Rebranded to Vulcan Infrastructure and Power, raised $39.4M PIPE, and changed Nasdaq ticker from GREE to VIP to fund pivot to AI/HPC data center infrastructure (104MW energized, 654MW pipeline)","https://www.citybiz.co/article/876301/greenidge-rebrands-as-vulcan-infrastructure-and-power-secures-39-4-million-to-pivot-toward-ai-infrastructure/","2026-07-24","Bitcoin miner formally rebranding and refinancing to become an AI/HPC powered-infrastructure platform"
"Cango Inc","Cat2","Forbes / Decrypt","Sold ~$305M of BTC holdings to fund a pivot from Bitcoin mining into an integrated energy + HPC/AI platform (\"EcoHash\" AI cloud), betting on AI inference over mega training sites","https://www.forbes.com/sites/boazsobrado/2026/07/08/what-not-to-do-a-bitcoin-miner-bets-against-ais-giant-data-centers/","2026-07-08","Public Bitcoin miner actively liquidating crypto assets to fund an HPC/AI cloud pivot"
"DMG Blockchain Solutions","Cat2","GlobeNewswire","Signed a letter of intent for a 50MW AI data center colocation deal (12-year term) at its Christina Lake, BC facility, first delivery phase targeted for Dec 31, 2026","https://www.globenewswire.com/news-release/2026/06/01/3304040/0/en/dmg-blockchain-solutions-inc-announces-50-megawatt-ai-data-center-letter-of-intent.html","2026-06-01","Bitcoin miner converting existing site capacity into AI data center colocation under a large multi-year deal"
"Hyperscale Data Inc (Ault Alliance)","Cat2","PRNewswire / Yahoo Finance","Signed a 10-year, ~$1.2B Master Services Agreement to deliver 20MW of AI compute capacity to a California-based neocloud provider at its Michigan data center campus","https://finance.yahoo.com/technology/ai/articles/hyperscale-data-executes-first-master-100000904.html","2026-06-24","Crypto/blockchain-holding-company-turned-data-center operator signing a large dated AI colocation deal"
"Hive Digital Technologies","Cat2","Newsfile Corp / Globe and Mail","BUZZ HPC (HIVE subsidiary) signed customer agreements worth ~$30M in AI cloud contracts, deploying liquid-cooled GPUs at its Canada West (Manitoba) site online by end of Q1 2026","https://www.newsfilecorp.com/release/283811/HIVEs-BUZZ-Signs-30-Million-in-AI-Cloud-Contracts-Accelerating-Global-HPC-TierIII-Data-Center-Expansion","2026-02-13","Bitcoin miner whose HPC/AI cloud subsidiary is signing dated commercial contracts and expanding GPU deployment"
