account_name,contact_name,contact_title,email,email_status,provider_used,notes
"Cerebras Systems","Dhiraj Mallick","COO","dhiraj@cerebras.ai","VERIFIED","hunter","hunter self-verified valid, accept_all=false, verification date 2026-08-18"
"SambaNova Systems","Clyde Hosein","President & COO","clyde.hosein@sambanova.ai","VERIFIED","hunter","hunter self-verified valid, accept_all=false, verification date 2026-08-25"
"Groq","Alan Rice","COO","arice@groq.com","FOUND_UNVERIFIED","hunter","Groq COO ambiguity resolved via WebSearch before lookup: Sunny Madra departed to Nvidia in the Dec 2025 acqui-hire deal (per TechCrunch 2026-06-22 'Groq confirms $650M raise, re-staffs after Nvidia's $20B not-acqui-hire deal'); Alan Rice (ex-xAI/Meta) is the current COO -- used only this name to avoid a duplicate paid lookup. Hunter returned accept_all=true (catch-all domain) so its 'valid' status is not a reliable per-mailbox confirmation -- flagged FOUND_UNVERIFIED, do not use for send without manual confirmation."
"QumulusAI","Michael Maniscalco","CEO (fallback of last resort, NEEDS_HUMAN_REVIEW from committee)","michael@qumulusai.com","FOUND_UNVERIFIED","hunter, icypeas","Hunter verification.status=accept_all (not a true 'valid'); icypeas_email_search tried as stage 2, returned certainty=not_found for all 10 pattern candidates on qumulusai.com. Best available candidate kept, but never treat as ready-to-send."
"WhiteFiber","Billy Krassakopoulos","President of Data Centers","billy@whitefiber.com","VERIFIED","hunter","hunter self-verified valid, accept_all=false, verification date 2026-08-20"
"Bitfarms (Keel Infrastructure)","Liam Wilson","Chief Operating Officer","lwilson@keelinfra.com","VERIFIED","hunter","Primary contact Benoit Gobeil (Chief Infrastructure Officer) tried first on keelinfra.com: hunter returned no result (uncharged) and icypeas_email_search returned status=NONE/no_result (uncharged) -- NOT_FOUND for Benoit Gobeil. Fell back to secondary contact Liam Wilson (COO), hunter returned a verified hit (accept_all=false, valid, 2026-08-31)."
"Sphere 3D (Cathedra Bitcoin)","Joel Block","CEO (fallback of last resort, NEEDS_HUMAN_REVIEW from committee)","joel@cathedra.com","VERIFIED","hunter","hunter tried sphere3d.com first (surviving public entity/ticker ANY) -- no result, uncharged. Fell back to cathedra.com (Joel Block was CEO of Cathedra Bitcoin pre-merger, retained title in combined entity per committee note): hunter returned score=97, accept_all=false, verification.status=valid, verification date 2026-09-09."
"Digihost Technology","Michel Amar","CEO and Chairman of parent company (fallback of last resort, NEEDS_HUMAN_REVIEW from committee)","michel@digipowerx.com","FOUND_UNVERIFIED","hunter","Company rebranded to Digi Power X, domain digipowerx.com (confirmed via WebSearch). Hunter returned score=84, accept_all=true (catch-all domain) -- verification.status=valid is not a reliable per-mailbox confirmation on a catch-all domain, same basis as Groq/QumulusAI in the prior run. Flagged FOUND_UNVERIFIED, do not use for send without manual confirmation."
"Greenidge Generation (Vulcan Infrastructure and Power)","Jeff Irwin","President","","MISS","hunter, icypeas","Domain resolved via WebSearch: vulcanip.com (VulcanIP.com, per company Q2 2026 press release). Hunter returned no result for Jeff Irwin (uncharged); icypeas_email_search returned status=NONE/no_result (uncharged). Fell back to secondary contact Jordan Kovler (CEO): hunter no result (uncharged), icypeas status=NONE (uncharged). Both contacts exhausted on both providers -- true MISS, empty field per no-invent rule."
"Hyperscale Data Inc (Ault Alliance)","William B. Horne","CEO (fallback of last resort, NEEDS_HUMAN_REVIEW from committee)","will@hyperscaledata.com","VERIFIED","hunter","Domain confirmed via WebSearch: hyperscaledata.com (IR@hyperscaledata.com contact). Hunter returned score=97, accept_all=false, verification.status=valid, verification date 2026-08-17. Secondary contact Milton \"Todd\" Ault III not needed -- primary contact verified."
