"account_name","domain","company_category","sub_segment","priority","vertical_owner","excluded","exclusion_reason","scope_tier","needs_manual_scope_confirmation","signal_source","signal_detail","signal_url","signal_date","contact_name","contact_title","priority_tier","linkedin_url","contact_email","email_status","stage","contact_count","source_files"
"Conti LLC","conticorporation.com","Cat3","N/A-Cat3","","","","","","","firmographic (ai_ark: electrical/data center construction, US/Mexico)","Firmographic fit: AI Ark company search matched industry [""electrical construction"",""data center construction""], employeeSize range 50-10,000, HQ United States/Mexico (excludes utilities, wholesale)","","","William Campbell","Preconstruction Technologies Director (BIM, CAD, Laser Scanning)","PRINCIPAL","linkedin.com/in/precontech","wcampbell@conticorporation.com","VERIFIED -- Hunter: accept_all=false, verification.status=valid, checked 2026-08-19","Not Contacted","0","cat3_enriched_2026-08-18.csv"
"Conti LLC","conticorporation.com","Cat3","N/A-Cat3","","","","","","","firmographic (ai_ark: electrical/data center construction, US/Mexico)","Firmographic fit: AI Ark company search matched industry [""electrical construction"",""data center construction""], employeeSize range 50-10,000, HQ United States/Mexico (excludes utilities, wholesale)","","","Michael Constable","Engineering, Procurement, and Construction Estimator","SECUNDARIA","linkedin.com/in/michaelcconstable","mconstable@conticorporation.com","VERIFIED -- Hunter: accept_all=false, verification.status=valid, checked 2026-08-19","Not Contacted","0","cat3_enriched_2026-08-18.csv"
"Sunland Construction, Inc. and Affiliates","sunlandconstruction.com","Cat3","N/A-Cat3","","","","","","","firmographic (ai_ark: electrical/data center construction, US/Mexico)","Firmographic fit: AI Ark company search matched industry [""electrical construction"",""data center construction""], employeeSize range 50-10,000, HQ United States/Mexico (excludes utilities, wholesale)","","","Vanessa Paquette","Preconstruction Manager","PRINCIPAL","linkedin.com/in/vanessadiannpaquette","","UNVERIFIED_NO_SENDABLE_EMAIL -- Hunter accept_all; icypeas no result, checked 2026-08-19","Not Contacted","0","cat3_enriched_2026-08-18.csv"
"Sunland Construction, Inc. and Affiliates","sunlandconstruction.com","Cat3","N/A-Cat3","","","","","","","firmographic (ai_ark: electrical/data center construction, US/Mexico)","Firmographic fit: AI Ark company search matched industry [""electrical construction"",""data center construction""], employeeSize range 50-10,000, HQ United States/Mexico (excludes utilities, wholesale)","","","Kwmane Brown","Estimating Coordinator","SECUNDARIA","linkedin.com/in/kwmane-brown-8b8941283","","UNVERIFIED_NO_SENDABLE_EMAIL -- Hunter accept_all; icypeas no result, checked 2026-08-19","Not Contacted","0","cat3_enriched_2026-08-18.csv"
"Strada Services","stradaservices.com","Cat3","N/A-Cat3","","","","","","","firmographic (ai_ark: electrical/data center construction, US/Mexico)","Firmographic fit: AI Ark company search matched industry [""electrical construction"",""data center construction""], employeeSize range 50-10,000, HQ United States/Mexico (excludes utilities, wholesale)","","","Wes Harrell","Senior Director of Procurement","PRINCIPAL","linkedin.com/in/wes-h-25041864","wharrell@stradaservices.com","VERIFIED -- Hunter: accept_all=false, verification.status=valid, checked 2026-08-19","Not Contacted","0","cat3_enriched_2026-08-18.csv"
"Strada Services","stradaservices.com","Cat3","N/A-Cat3","","","","","","","firmographic (ai_ark: electrical/data center construction, US/Mexico)","Firmographic fit: AI Ark company search matched industry [""electrical construction"",""data center construction""], employeeSize range 50-10,000, HQ United States/Mexico (excludes utilities, wholesale)","","","James Bolton","Commercial Estimating Supervisor","SECUNDARIA","linkedin.com/in/james-bolton-78076026","jbolton@stradaservices.com","VERIFIED -- Hunter: accept_all=false, verification.status=valid, checked 2026-08-19","Not Contacted","0","cat3_enriched_2026-08-18.csv"
"TCE","tcelect.net","Cat3","N/A-Cat3","","","","","","","firmographic (ai_ark: electrical/data center construction, US/Mexico)","Firmographic fit: AI Ark company search matched industry [""electrical construction"",""data center construction""], employeeSize range 50-10,000, HQ United States/Mexico (excludes utilities, wholesale)","","","Michael Gibbs","Assistant Procurement Manager","PRINCIPAL","linkedin.com/in/michael-gibbs-b3a94b31","mgibbs@tcelect.net","VERIFIED -- Hunter: accept_all=false, verification.status=valid, checked 2026-08-19","Not Contacted","0","cat3_enriched_2026-08-18.csv"
"HOOPER","hoopercorp.com","Cat3","N/A-Cat3","","","","","","","firmographic (ai_ark: electrical/data center construction, US/Mexico)","Firmographic fit: AI Ark company search matched industry [""electrical construction"",""data center construction""], employeeSize range 50-10,000, HQ United States/Mexico (excludes utilities, wholesale)","","","Drew Harris","Estimating Coordinator","PRINCIPAL","linkedin.com/in/drewmharris","","NOT_FOUND -- Hunter no candidate; icypeas no result, checked 2026-08-19","Not Contacted","0","cat3_enriched_2026-08-18.csv"
"HOOPER","hoopercorp.com","Cat3","N/A-Cat3","","","","","","","firmographic (ai_ark: electrical/data center construction, US/Mexico)","Firmographic fit: AI Ark company search matched industry [""electrical construction"",""data center construction""], employeeSize range 50-10,000, HQ United States/Mexico (excludes utilities, wholesale)","","","Eric Smithback","Preconstruction Manager","SECUNDARIA","linkedin.com/in/ericsmithback","esmithback@hoopercorp.com","VERIFIED -- Hunter: accept_all=false, verification.status=valid, checked 2026-08-19","Not Contacted","0","cat3_enriched_2026-08-18.csv"
"Arizona Pipeline Company","arizonapipeline.com","Cat3","N/A-Cat3","","","","","","","firmographic (ai_ark: electrical/data center construction, US/Mexico)","Firmographic fit: AI Ark company search matched industry [""electrical construction"",""data center construction""], employeeSize range 50-10,000, HQ United States/Mexico (excludes utilities, wholesale)","","","","","","","","NOT_SOURCED -- Wiza (free) returned 0 employees matching procurement/supply-chain/preconstruction/estimating/data-center-construction titles","Not Contacted","0","cat3_enriched_2026-08-18.csv"
"Utility Supply and Construction Company","uscco.com","Cat3","N/A-Cat3","","","","","","","firmographic (ai_ark: electrical/data center construction, US/Mexico)","Firmographic fit: AI Ark company search matched industry [""electrical construction"",""data center construction""], employeeSize range 50-10,000, HQ United States/Mexico (excludes utilities, wholesale)","","","","","","","","NOT_SOURCED -- Wiza (free) returned 0 employees matching procurement/supply-chain/preconstruction/estimating/data-center-construction titles","Not Contacted","0","cat3_enriched_2026-08-18.csv"
"Bright Future Electric","brightfutureelectric.com","Cat3","N/A-Cat3","","","","","","","firmographic (ai_ark: electrical/data center construction, US/Mexico)","Firmographic fit: AI Ark company search matched industry [""electrical construction"",""data center construction""], employeeSize range 50-10,000, HQ United States/Mexico (excludes utilities, wholesale)","","","Andrew Heintzelman","Estimating Manager","PRINCIPAL","linkedin.com/in/andrew-heintzelman-76b23932","","NOT_FOUND -- Hunter no candidate; icypeas no result, checked 2026-08-19","Not Contacted","0","cat3_enriched_2026-08-18.csv"
"Bright Future Electric","brightfutureelectric.com","Cat3","N/A-Cat3","","","","","","","firmographic (ai_ark: electrical/data center construction, US/Mexico)","Firmographic fit: AI Ark company search matched industry [""electrical construction"",""data center construction""], employeeSize range 50-10,000, HQ United States/Mexico (excludes utilities, wholesale)","","","Tony Egler","Manager of Estimating","SECUNDARIA","linkedin.com/in/tony-egler-65332811","","NOT_FOUND -- Hunter no candidate; icypeas no result, checked 2026-08-19","Not Contacted","0","cat3_enriched_2026-08-18.csv"
"Quality Electric Inc.","qeidaho.com","Cat3","N/A-Cat3","","","","","","","firmographic (ai_ark: electrical/data center construction, US/Mexico)","Firmographic fit: AI Ark company search matched industry [""electrical construction"",""data center construction""], employeeSize range 50-10,000, HQ United States/Mexico (excludes utilities, wholesale)","","","Sean Nelson","Executive of Preconstruction Services","PRINCIPAL","linkedin.com/in/sean-nelson-481a3971","sean@qeidaho.com","VERIFIED -- Hunter: accept_all=false, verification.status=valid, checked 2026-08-19","Not Contacted","0","cat3_enriched_2026-08-18.csv"
"Current Electric","currentelectricco.com","Cat3","N/A-Cat3","","","","","","","firmographic (ai_ark: electrical/data center construction, US/Mexico)","Firmographic fit: AI Ark company search matched industry [""electrical construction"",""data center construction""], employeeSize range 50-10,000, HQ United States/Mexico (excludes utilities, wholesale)","","","","","","","","NOT_SOURCED -- Wiza (free) returned 0 employees matching procurement/supply-chain/preconstruction/estimating/data-center-construction titles","Not Contacted","0","cat3_enriched_2026-08-18.csv"
"InPwr Inc.","inpwrinc.com","Cat3","N/A-Cat3","","","","","","","firmographic (ai_ark: electrical/data center construction, US/Mexico)","Firmographic fit: AI Ark company search matched industry [""electrical construction"",""data center construction""], employeeSize range 50-10,000, HQ United States/Mexico (excludes utilities, wholesale)","","","Zachary Buss","Preconstruction","PRINCIPAL","linkedin.com/in/zachary-buss-295b18114","","UNVERIFIED_NO_SENDABLE_EMAIL -- Hunter accept_all; icypeas no result, checked 2026-08-19","Not Contacted","0","cat3_enriched_2026-08-18.csv"
"Van Ert Electric Company, Inc. (Electrical Contractor, Telecommunications, HVAC, Arc Flash)","vanert.com","Cat3","N/A-Cat3","","","","","","","firmographic (ai_ark: electrical/data center construction, US/Mexico)","Firmographic fit: AI Ark company search matched industry [""electrical construction"",""data center construction""], employeeSize range 50-10,000, HQ United States/Mexico (excludes utilities, wholesale)","","","Jeff Dabb","Vice President Preconstruction","PRINCIPAL","linkedin.com/in/jeff-dabb-354032a8","jdabb@vanert.com","VERIFIED -- Hunter: accept_all=false, verification.status=valid, checked 2026-08-19","Not Contacted","0","cat3_enriched_2026-08-18.csv"
"Christenson Electric","christenson.com","Cat3","N/A-Cat3","","","","","","","firmographic (ai_ark: electrical/data center construction, US/Mexico)","Firmographic fit: AI Ark company search matched industry [""electrical construction"",""data center construction""], employeeSize range 50-10,000, HQ United States/Mexico (excludes utilities, wholesale)","","","Tiffany Robinson","Preconstruction Manager","PRINCIPAL","linkedin.com/in/tiffany-robinson-542952242","tiffany.robinson@christenson.com","VERIFIED -- Hunter: accept_all=false, verification.status=valid, checked 2026-08-19","Not Contacted","0","cat3_enriched_2026-08-18.csv"
"Christenson Electric","christenson.com","Cat3","N/A-Cat3","","","","","","","firmographic (ai_ark: electrical/data center construction, US/Mexico)","Firmographic fit: AI Ark company search matched industry [""electrical construction"",""data center construction""], employeeSize range 50-10,000, HQ United States/Mexico (excludes utilities, wholesale)","","","Greg Miller","Vice President of Preconstruction","SECUNDARIA","linkedin.com/in/greg-miller-77223639","greg.miller@christenson.com","VERIFIED -- Hunter: accept_all=false, verification.status=valid, checked 2026-08-19","Not Contacted","0","cat3_enriched_2026-08-18.csv"
"Switch Electric | A LOENBRO Company","switchelectric.com","Cat3","N/A-Cat3","","","","","","","firmographic (ai_ark: electrical/data center construction, US/Mexico)","Firmographic fit: AI Ark company search matched industry [""electrical construction"",""data center construction""], employeeSize range 50-10,000, HQ United States/Mexico (excludes utilities, wholesale)","","","Nathan Clarkson","Electrical Preconstruction Manager, Mission Critical","PRINCIPAL","linkedin.com/in/nathan-clarkson-4a5384366","","NOT_FOUND -- Hunter no candidate; icypeas no result, checked 2026-08-19","Not Contacted","0","cat3_enriched_2026-08-18.csv"
"Switch Electric | A LOENBRO Company","switchelectric.com","Cat3","N/A-Cat3","","","","","","","firmographic (ai_ark: electrical/data center construction, US/Mexico)","Firmographic fit: AI Ark company search matched industry [""electrical construction"",""data center construction""], employeeSize range 50-10,000, HQ United States/Mexico (excludes utilities, wholesale)","","","Chris Keller","Vice President Preconstruction","SECUNDARIA","linkedin.com/in/chris-keller-36337113","","NOT_FOUND -- Hunter no candidate; icypeas no result, checked 2026-08-19","Not Contacted","0","cat3_enriched_2026-08-18.csv"
"K2 Electric","k2elec.com","Cat3","N/A-Cat3","","","","","","","firmographic (ai_ark: electrical/data center construction, US/Mexico)","Firmographic fit: AI Ark company search matched industry [""electrical construction"",""data center construction""], employeeSize range 50-10,000, HQ United States/Mexico (excludes utilities, wholesale)","","","Gary Rich Jr","Director of Prefabrication and Supply Chain","PRINCIPAL","linkedin.com/in/garyrichjr","","NOT_FOUND -- Hunter no candidate; icypeas no result, checked 2026-08-19","Not Contacted","0","cat3_enriched_2026-08-18.csv"
"K2 Electric","k2elec.com","Cat3","N/A-Cat3","","","","","","","firmographic (ai_ark: electrical/data center construction, US/Mexico)","Firmographic fit: AI Ark company search matched industry [""electrical construction"",""data center construction""], employeeSize range 50-10,000, HQ United States/Mexico (excludes utilities, wholesale)","","","John Jordan","Director of Estimating","SECUNDARIA","linkedin.com/in/john-jordan-17802157","jjordan@k2elec.com","VERIFIED -- Hunter: accept_all=false, verification.status=valid, checked 2026-08-19","Not Contacted","0","cat3_enriched_2026-08-18.csv"
"GEM Plumbing & Heating Services, LLC","askgem.com","Cat3","N/A-Cat3","","","","","","","firmographic (ai_ark: electrical/data center construction, US/Mexico)","Firmographic fit: AI Ark company search matched industry [""electrical construction"",""data center construction""], employeeSize range 50-10,000, HQ United States/Mexico (excludes utilities, wholesale)","","","Jimmy Nicholas","Plumbing Estimating Manager","PRINCIPAL","linkedin.com/in/jimmy-nicholas-b847932b5","","NOT_FOUND -- Hunter no candidate; icypeas no result, checked 2026-08-19","Not Contacted","0","cat3_enriched_2026-08-18.csv"
"PAR Western Line Contractors, LLC","parwlc.com","Cat3","N/A-Cat3","","","","","","","firmographic (ai_ark: electrical/data center construction, US/Mexico)","Firmographic fit: AI Ark company search matched industry [""electrical construction"",""data center construction""], employeeSize range 50-10,000, HQ United States/Mexico (excludes utilities, wholesale)","","","Dan Roach","Director of Estimating","PRINCIPAL","linkedin.com/in/dan-roach-103603a1","droach@parwlc.com","VERIFIED -- Hunter: accept_all=false, verification.status=valid, checked 2026-08-19","Not Contacted","0","cat3_enriched_2026-08-18.csv"
"Gregory Electric Company, Inc","gregoryelectric.com","Cat3","N/A-Cat3","","","","","","","firmographic (ai_ark: electrical/data center construction, US/Mexico)","Firmographic fit: AI Ark company search matched industry [""electrical construction"",""data center construction""], employeeSize range 50-10,000, HQ United States/Mexico (excludes utilities, wholesale)","","","","","","","","NOT_SOURCED -- Wiza (free) returned 0 employees matching procurement/supply-chain/preconstruction/estimating/data-center-construction titles","Not Contacted","0","cat3_enriched_2026-08-18.csv"
"Southeast Power Corporation","southeastpower.com","Cat3","N/A-Cat3","","","","","","","firmographic (ai_ark: electrical/data center construction, US/Mexico)","Firmographic fit: AI Ark company search matched industry [""electrical construction"",""data center construction""], employeeSize range 50-10,000, HQ United States/Mexico (excludes utilities, wholesale)","","","Andrew Smith","Director of Estimating & Project Management","PRINCIPAL","linkedin.com/in/andrew-smith-5154a8132","","UNVERIFIED_NO_SENDABLE_EMAIL -- Hunter accept_all; icypeas no result, checked 2026-08-19","Not Contacted","0","cat3_enriched_2026-08-18.csv"
"Lemberg","lembergelectric.com","Cat3","N/A-Cat3","","","","","","","firmographic (ai_ark: electrical/data center construction, US/Mexico)","Firmographic fit: AI Ark company search matched industry [""electrical construction"",""data center construction""], employeeSize range 50-10,000, HQ United States/Mexico (excludes utilities, wholesale)","","","","","","","","NOT_SOURCED -- Wiza (free) returned 0 employees matching procurement/supply-chain/preconstruction/estimating/data-center-construction titles","Not Contacted","0","cat3_enriched_2026-08-18.csv"
"Dubak Electrical Group","dubakelectrical.com","Cat3","N/A-Cat3","","","","","","","firmographic (ai_ark: electrical/data center construction, US/Mexico)","Firmographic fit: AI Ark company search matched industry [""electrical construction"",""data center construction""], employeeSize range 50-10,000, HQ United States/Mexico (excludes utilities, wholesale)","","","Nate Cox","Regional Manager Operations/Preconstruction Support","PRINCIPAL","linkedin.com/in/natecox86","ncox@dubakelectrical.com","VERIFIED -- Hunter: accept_all=false, verification.status=valid, checked 2026-08-19","Not Contacted","0","cat3_enriched_2026-08-18.csv"
"Dubak Electrical Group","dubakelectrical.com","Cat3","N/A-Cat3","","","","","","","firmographic (ai_ark: electrical/data center construction, US/Mexico)","Firmographic fit: AI Ark company search matched industry [""electrical construction"",""data center construction""], employeeSize range 50-10,000, HQ United States/Mexico (excludes utilities, wholesale)","","","Scott Simonsen","Director of Preconstruction","SECUNDARIA","linkedin.com/in/scottsimonsencpe","ssimonsen@dubakelectrical.com","VERIFIED -- Hunter: accept_all=false, verification.status=valid, checked 2026-08-19","Not Contacted","0","cat3_enriched_2026-08-18.csv"
"Larrett Energy Services, Inc.","larrettenergy.com","Cat3","N/A-Cat3","","","","","","","firmographic (ai_ark: electrical/data center construction, US/Mexico)","Firmographic fit: AI Ark company search matched industry [""electrical construction"",""data center construction""], employeeSize range 50-10,000, HQ United States/Mexico (excludes utilities, wholesale)","","","","","","","","NOT_SOURCED -- Wiza (free) returned 0 employees matching procurement/supply-chain/preconstruction/estimating/data-center-construction titles","Not Contacted","0","cat3_enriched_2026-08-18.csv"
"Connelly Electric Co","connellyelectric.com","Cat3","N/A-Cat3","","","","","","","firmographic (ai_ark: electrical/data center construction, US/Mexico)","Firmographic fit: AI Ark company search matched industry [""electrical construction"",""data center construction""], employeeSize range 50-10,000, HQ United States/Mexico (excludes utilities, wholesale)","","","Jonna Shipbaugh","Estimating / Project Support Manager","PRINCIPAL","linkedin.com/in/jonna-shipbaugh-897677b","","UNVERIFIED_NO_SENDABLE_EMAIL -- Hunter accept_all; icypeas no result, checked 2026-08-19","Not Contacted","0","cat3_enriched_2026-08-18.csv"
"Connelly Electric Co","connellyelectric.com","Cat3","N/A-Cat3","","","","","","","firmographic (ai_ark: electrical/data center construction, US/Mexico)","Firmographic fit: AI Ark company search matched industry [""electrical construction"",""data center construction""], employeeSize range 50-10,000, HQ United States/Mexico (excludes utilities, wholesale)","","","Dave Lavaty","Vice President of Preconstruction","SECUNDARIA","linkedin.com/in/dave-lavaty-522449101","","UNVERIFIED_NO_SENDABLE_EMAIL -- Hunter accept_all; icypeas no result, checked 2026-08-19","Not Contacted","0","cat3_enriched_2026-08-18.csv"
"Unity Electric","unityig.com","Cat3","N/A-Cat3","","","","","","","firmographic (ai_ark: electrical/data center construction, US/Mexico)","Firmographic fit: AI Ark company search matched industry [""electrical construction"",""data center construction""], employeeSize range 50-10,000, HQ United States/Mexico (excludes utilities, wholesale)","","","","","","","","NOT_SOURCED -- Wiza (free) returned 0 employees matching procurement/supply-chain/preconstruction/estimating/data-center-construction titles","Not Contacted","0","cat3_enriched_2026-08-18.csv"
"Electrical Contractors, Inc.","ecincorporated.com","Cat3","N/A-Cat3","","","","","","","firmographic (ai_ark: electrical/data center construction, US/Mexico)","Firmographic fit: AI Ark company search matched industry [""electrical construction"",""data center construction""], employeeSize range 50-10,000, HQ United States/Mexico (excludes utilities, wholesale)","","","Jarae Parker","Procurement Analyst","PRINCIPAL","linkedin.com/in/jarae-parker-652398340","","NOT_FOUND -- Hunter no candidate; icypeas no result, checked 2026-08-19. LOW CONFIDENCE: Wiza matched New Orleans LA location, company HQ is Hartford CT -- possible wrong-company match, unresolved either way","Not Contacted","0","cat3_enriched_2026-08-18.csv"
"Adman Electric, Inc.","admanelectric.com","Cat3","N/A-Cat3","","","","","","","firmographic (ai_ark: electrical/data center construction, US/Mexico)","Firmographic fit: AI Ark company search matched industry [""electrical construction"",""data center construction""], employeeSize range 50-10,000, HQ United States/Mexico (excludes utilities, wholesale)","","","","","","","","NOT_SOURCED -- Wiza (free) returned 0 employees matching procurement/supply-chain/preconstruction/estimating/data-center-construction titles","Not Contacted","0","cat3_enriched_2026-08-18.csv"
"C.W. Wright Construction Company, LLC.","cwwright.com","Cat3","N/A-Cat3","","","","","","","firmographic (ai_ark: electrical/data center construction, US/Mexico)","Firmographic fit: AI Ark company search matched industry [""electrical construction"",""data center construction""], employeeSize range 50-10,000, HQ United States/Mexico (excludes utilities, wholesale)","","","Penny Baldwin","Director of Estimating","PRINCIPAL","linkedin.com/in/penny-baldwin-6444a349","penny_baldwin@cwwright.com","VERIFIED -- Hunter: accept_all=false, verification.status=valid, checked 2026-08-19","Not Contacted","0","cat3_enriched_2026-08-18.csv"
"The Stoner Electric Group","stonergroup.com","Cat3","N/A-Cat3","","","","","","","firmographic (ai_ark: electrical/data center construction, US/Mexico)","Firmographic fit: AI Ark company search matched industry [""electrical construction"",""data center construction""], employeeSize range 50-10,000, HQ United States/Mexico (excludes utilities, wholesale)","","","","","","","","NOT_SOURCED -- Wiza (free) returned 0 employees matching procurement/supply-chain/preconstruction/estimating/data-center-construction titles","Not Contacted","0","cat3_enriched_2026-08-18.csv"
"MERIT ELECTRICAL, INC.","meritelectrical.com","Cat3","N/A-Cat3","","","","","","","firmographic (ai_ark: electrical/data center construction, US/Mexico)","Firmographic fit: AI Ark company search matched industry [""electrical construction"",""data center construction""], employeeSize range 50-10,000, HQ United States/Mexico (excludes utilities, wholesale)","","","Dwain Bickham","Estimating Manager","PRINCIPAL","linkedin.com/in/dwain-bickham-a4a04311","","UNVERIFIED_NO_SENDABLE_EMAIL -- Hunter accept_all; icypeas no result, checked 2026-08-19","Not Contacted","0","cat3_enriched_2026-08-18.csv"
"MERIT ELECTRICAL, INC.","meritelectrical.com","Cat3","N/A-Cat3","","","","","","","firmographic (ai_ark: electrical/data center construction, US/Mexico)","Firmographic fit: AI Ark company search matched industry [""electrical construction"",""data center construction""], employeeSize range 50-10,000, HQ United States/Mexico (excludes utilities, wholesale)","","","Leigh Zachary","Estimating Assistant","SECUNDARIA","linkedin.com/in/leigh-zachary-026b25257","","UNVERIFIED_NO_SENDABLE_EMAIL -- Hunter accept_all; icypeas no result, checked 2026-08-19","Not Contacted","0","cat3_enriched_2026-08-18.csv"
"Massey Electric","masseyelectric.com","Cat3","N/A-Cat3","","","","","","","firmographic (ai_ark: electrical/data center construction, US/Mexico)","Firmographic fit: AI Ark company search matched industry [""electrical construction"",""data center construction""], employeeSize range 50-10,000, HQ United States/Mexico (excludes utilities, wholesale)","","","Brittany Kinsey","Estimating Coordinator","PRINCIPAL","linkedin.com/in/brittany-kinsey-a902942ba","","NOT_FOUND -- Hunter no candidate; icypeas no result, checked 2026-08-19","Not Contacted","0","cat3_enriched_2026-08-18.csv"
"Pepco Energy Services","pepcoenergy.com","Cat3","N/A-Cat3","","","","","","","firmographic (ai_ark: electrical/data center construction, US/Mexico)","Firmographic fit: AI Ark company search matched industry [""electrical construction"",""data center construction""], employeeSize range 50-10,000, HQ United States/Mexico (excludes utilities, wholesale)","","","","","","","","NOT_SOURCED -- Wiza (free) returned 0 employees matching procurement/supply-chain/preconstruction/estimating/data-center-construction titles","Not Contacted","0","cat3_enriched_2026-08-18.csv"
"Neal Electric Corp.","nealelectric.com","Cat3","N/A-Cat3","","","","","","","firmographic (ai_ark: electrical/data center construction, US/Mexico)","Firmographic fit: AI Ark company search matched industry [""electrical construction"",""data center construction""], employeeSize range 50-10,000, HQ United States/Mexico (excludes utilities, wholesale)","","","Colby Coates","Vice President of Estimating","PRINCIPAL","linkedin.com/in/colbycoates","","UNVERIFIED_NO_SENDABLE_EMAIL -- Hunter accept_all; icypeas no result, checked 2026-08-19","Not Contacted","0","cat3_enriched_2026-08-18.csv"
"Neal Electric Corp.","nealelectric.com","Cat3","N/A-Cat3","","","","","","","firmographic (ai_ark: electrical/data center construction, US/Mexico)","Firmographic fit: AI Ark company search matched industry [""electrical construction"",""data center construction""], employeeSize range 50-10,000, HQ United States/Mexico (excludes utilities, wholesale)","","","Bailey Smith","Estimating Assistant","SECUNDARIA","linkedin.com/in/bailey-smith142025","","UNVERIFIED_NO_SENDABLE_EMAIL -- Hunter accept_all; icypeas no result, checked 2026-08-19","Not Contacted","0","cat3_enriched_2026-08-18.csv"
"LeCom Utility Contractors","lecomutility.com","Cat3","N/A-Cat3","","","","","","","firmographic (ai_ark: electrical/data center construction, US/Mexico)","Firmographic fit: AI Ark company search matched industry [""electrical construction"",""data center construction""], employeeSize range 50-10,000, HQ United States/Mexico (excludes utilities, wholesale)","","","","","","","","NOT_SOURCED -- Wiza (free) returned 0 employees matching procurement/supply-chain/preconstruction/estimating/data-center-construction titles","Not Contacted","0","cat3_enriched_2026-08-18.csv"
"Horizon Construction Company, Inc","horizonc.com","Cat3","N/A-Cat3","","","","","","","firmographic (ai_ark: electrical/data center construction, US/Mexico)","Firmographic fit: AI Ark company search matched industry [""electrical construction"",""data center construction""], employeeSize range 50-10,000, HQ United States/Mexico (excludes utilities, wholesale)","","","Dan Salmon","Vice President Preconstruction","PRINCIPAL","linkedin.com/in/dan-salmon-54626716","","NOT_FOUND -- Hunter no candidate; icypeas returned 22 guessed permutations, ALL certainty=not_found, none used, checked 2026-08-19","Not Contacted","0","cat3_enriched_2026-08-18.csv"
"Horizon Construction Company, Inc","horizonc.com","Cat3","N/A-Cat3","","","","","","","firmographic (ai_ark: electrical/data center construction, US/Mexico)","Firmographic fit: AI Ark company search matched industry [""electrical construction"",""data center construction""], employeeSize range 50-10,000, HQ United States/Mexico (excludes utilities, wholesale)","","","Craig Ulrich","Preconstruction Manager","SECUNDARIA","linkedin.com/in/craig-ulrich-b657023a","","NOT_FOUND -- Hunter no candidate; icypeas no result, checked 2026-08-19","Not Contacted","0","cat3_enriched_2026-08-18.csv"
"Fountain Electric & Services LLC","fountainelectric.com","Cat3","N/A-Cat3","","","","","","","firmographic (ai_ark: electrical/data center construction, US/Mexico)","Firmographic fit: AI Ark company search matched industry [""electrical construction"",""data center construction""], employeeSize range 50-10,000, HQ United States/Mexico (excludes utilities, wholesale)","","","Blake Ferguson","Preconstruction Manager","PRINCIPAL","linkedin.com/in/blake-ferguson-2580b8218","bferguson@fountainelectric.com","VERIFIED -- Hunter: accept_all=false, verification.status=valid, checked 2026-08-19","Not Contacted","0","cat3_enriched_2026-08-18.csv"
"BBEC","bbecelectric.com","Cat3","N/A-Cat3","","","","","","","firmographic (ai_ark: electrical/data center construction, US/Mexico)","Firmographic fit: AI Ark company search matched industry [""electrical construction"",""data center construction""], employeeSize range 50-10,000, HQ United States/Mexico (excludes utilities, wholesale)","","","Jason Brenneman","Estimating Manager","PRINCIPAL","linkedin.com/in/jason-brenneman-762554176","","NOT_FOUND -- Hunter no candidate; icypeas no result, checked 2026-08-19","Not Contacted","0","cat3_enriched_2026-08-18.csv"
"C2C Technical Services","c2ctechnicalservices.com","Cat3","N/A-Cat3","","","","","","","firmographic (ai_ark: electrical/data center construction, US/Mexico)","Firmographic fit: AI Ark company search matched industry [""electrical construction"",""data center construction""], employeeSize range 50-10,000, HQ United States/Mexico (excludes utilities, wholesale)","","","Brooke Fountain","Accounts Payable & Procurement","PRINCIPAL","linkedin.com/in/brooke-fountain-72239080","brooke.fountain@c2ctechnicalservices.com","VERIFIED -- Hunter: accept_all=false, verification.status=valid, checked 2026-08-19","Not Contacted","0","cat3_enriched_2026-08-18.csv"
"B&B Electric Inc.","bandbelectric.com","Cat3","N/A-Cat3","","","","","","","firmographic (ai_ark: electrical/data center construction, US/Mexico)","Firmographic fit: AI Ark company search matched industry [""electrical construction"",""data center construction""], employeeSize range 50-10,000, HQ United States/Mexico (excludes utilities, wholesale)","","","","","","","","NOT_SOURCED -- Wiza (free) returned 0 employees matching procurement/supply-chain/preconstruction/estimating/data-center-construction titles","Not Contacted","0","cat3_enriched_2026-08-18.csv"
"Baisch Engineering Inc.","baisch.com","Cat3","N/A-Cat3","","","","","","","firmographic (ai_ark: electrical/data center construction, US/Mexico)","Firmographic fit: AI Ark company search matched industry [""electrical construction"",""data center construction""], employeeSize range 50-10,000, HQ United States/Mexico (excludes utilities, wholesale)","","","","","","","","NOT_SOURCED -- Wiza (free) returned 0 employees matching procurement/supply-chain/preconstruction/estimating/data-center-construction titles","Not Contacted","0","cat3_enriched_2026-08-18.csv"
"Ickler Electric Corporation","icklerelectric.com","Cat3","N/A-Cat3","","","","","","","firmographic (ai_ark: electrical/data center construction, US/Mexico)","Firmographic fit: AI Ark company search matched industry [""electrical construction"",""data center construction""], employeeSize range 50-10,000, HQ United States/Mexico (excludes utilities, wholesale)","","","","","","","","NOT_SOURCED -- Wiza (free) returned 0 employees matching procurement/supply-chain/preconstruction/estimating/data-center-construction titles","Not Contacted","0","cat3_enriched_2026-08-18.csv"
"Salmon Electrical Contractors","salmonelectric.com","Cat3","N/A-Cat3","","","","","","","firmographic (ai_ark: electrical/data center construction, US/Mexico)","Firmographic fit: AI Ark company search matched industry [""electrical construction"",""data center construction""], employeeSize range 50-10,000, HQ United States/Mexico (excludes utilities, wholesale)","","","","","","","","NOT_SOURCED -- Wiza (free) returned 0 employees matching procurement/supply-chain/preconstruction/estimating/data-center-construction titles","Not Contacted","0","cat3_enriched_2026-08-18.csv"
"Horne Brothers Construction Inc.","blueridgepower.com","Cat3","N/A-Cat3","","","","","","","firmographic (ai_ark: electrical/data center construction, US/Mexico)","Firmographic fit: AI Ark company search matched industry [""electrical construction"",""data center construction""], employeeSize range 50-10,000, HQ United States/Mexico (excludes utilities, wholesale)","","","Beverly Odum","Senior Director of Procurement","PRINCIPAL","linkedin.com/in/beverly-odum-42096859","bodum@blueridgepower.com","VERIFIED -- Hunter: accept_all=false, verification.status=valid, checked 2026-08-18","Not Contacted","0","cat3_enriched_2026-08-18.csv"
"Horne Brothers Construction Inc.","blueridgepower.com","Cat3","N/A-Cat3","","","","","","","firmographic (ai_ark: electrical/data center construction, US/Mexico)","Firmographic fit: AI Ark company search matched industry [""electrical construction"",""data center construction""], employeeSize range 50-10,000, HQ United States/Mexico (excludes utilities, wholesale)","","","Daniel Gross","Supply Chain Manager","SECUNDARIA","linkedin.com/in/daniel-gross-a8368b47","danielgross@blueridgepower.com","VERIFIED -- Hunter: accept_all=false, verification.status=valid, checked 2026-08-18","Not Contacted","0","cat3_enriched_2026-08-18.csv"
"Nappa Electrical Contractors","nappaelectric.com","Cat3","N/A-Cat3","","","","","","","firmographic (ai_ark: electrical/data center construction, US/Mexico)","Firmographic fit: AI Ark company search matched industry [""electrical construction"",""data center construction""], employeeSize range 50-10,000, HQ United States/Mexico (excludes utilities, wholesale)","","","Ben Felings","Director of Estimating","PRINCIPAL","linkedin.com/in/ben-felings-a7a0a156","bfelings@nappaelectric.com","VERIFIED -- Hunter: accept_all=false, verification.status=valid, checked 2026-08-18","Not Contacted","0","cat3_enriched_2026-08-18.csv"
"Regency Electric, Inc.","regencyelectricinc.com","Cat3","N/A-Cat3","","","","","","","firmographic (ai_ark: electrical/data center construction, US/Mexico)","Firmographic fit: AI Ark company search matched industry [""electrical construction"",""data center construction""], employeeSize range 50-10,000, HQ United States/Mexico (excludes utilities, wholesale)","","","","","","","","NOT_SOURCED -- Wiza (free) returned 0 employees matching procurement/supply-chain/preconstruction/estimating/data-center-construction titles","Not Contacted","0","cat3_enriched_2026-08-18.csv"
"Koontz Electric Company Inc.","koontzelectric.com","Cat3","N/A-Cat3","","","","","","","firmographic (ai_ark: electrical/data center construction, US/Mexico)","Firmographic fit: AI Ark company search matched industry [""electrical construction"",""data center construction""], employeeSize range 50-10,000, HQ United States/Mexico (excludes utilities, wholesale)","","","","","","","","NOT_SOURCED -- Wiza (free) returned 0 employees matching procurement/supply-chain/preconstruction/estimating/data-center-construction titles","Not Contacted","0","cat3_enriched_2026-08-18.csv"
"RPE Contracting","rpecontracting.com","Cat3","N/A-Cat3","","","","","","","firmographic (ai_ark: electrical/data center construction, US/Mexico)","Firmographic fit: AI Ark company search matched industry [""electrical construction"",""data center construction""], employeeSize range 50-10,000, HQ United States/Mexico (excludes utilities, wholesale)","","","Sarah Gravelle","Procurement Manager","PRINCIPAL","linkedin.com/in/sarah-gravelle-b3186284","","NOT_FOUND -- Hunter no candidate; icypeas no result, checked 2026-08-18","Not Contacted","0","cat3_enriched_2026-08-18.csv"
"Kowalski Construction, Inc.","kowalski.com","Cat3","N/A-Cat3","","","","","","","firmographic (ai_ark: electrical/data center construction, US/Mexico)","Firmographic fit: AI Ark company search matched industry [""electrical construction"",""data center construction""], employeeSize range 50-10,000, HQ United States/Mexico (excludes utilities, wholesale)","","","","","","","","NOT_SOURCED -- Wiza (free) returned 0 employees matching procurement/supply-chain/preconstruction/estimating/data-center-construction titles","Not Contacted","0","cat3_enriched_2026-08-18.csv"
"Bayou Electrical Services","bayouelectrical.com","Cat3","N/A-Cat3","","","","","","","firmographic (ai_ark: electrical/data center construction, US/Mexico)","Firmographic fit: AI Ark company search matched industry [""electrical construction"",""data center construction""], employeeSize range 50-10,000, HQ United States/Mexico (excludes utilities, wholesale)","","","Alex Parmigiano","Procurement Manager","PRINCIPAL","linkedin.com/in/alex-parmigiano-16ab7138","aparmigiano@bayouelectrical.com","VERIFIED -- Hunter: accept_all=false, verification.status=valid, checked 2026-08-18","Not Contacted","0","cat3_enriched_2026-08-18.csv"
"Bayou Electrical Services","bayouelectrical.com","Cat3","N/A-Cat3","","","","","","","firmographic (ai_ark: electrical/data center construction, US/Mexico)","Firmographic fit: AI Ark company search matched industry [""electrical construction"",""data center construction""], employeeSize range 50-10,000, HQ United States/Mexico (excludes utilities, wholesale)","","","Tyler Barber","Manager of Estimating & Project Management","SECUNDARIA","linkedin.com/in/tyler-barber-82321313a","","NOT_FOUND -- Hunter no candidate; icypeas no result, checked 2026-08-18","Not Contacted","0","cat3_enriched_2026-08-18.csv"
"WATTS ELECTRIC COMPANY","gowatts.com","Cat3","N/A-Cat3","","","","","","","firmographic (ai_ark: electrical/data center construction, US/Mexico)","Firmographic fit: AI Ark company search matched industry [""electrical construction"",""data center construction""], employeeSize range 50-10,000, HQ United States/Mexico (excludes utilities, wholesale)","","","","","","","","NOT_SOURCED -- Wiza (free) returned 0 employees matching procurement/supply-chain/preconstruction/estimating/data-center-construction titles","Not Contacted","0","cat3_enriched_2026-08-18.csv"
"Metro Electric, Inc.","metroelectric-rgv.com","Cat3","N/A-Cat3","","","","","","","firmographic (ai_ark: electrical/data center construction, US/Mexico)","Firmographic fit: AI Ark company search matched industry [""electrical construction"",""data center construction""], employeeSize range 50-10,000, HQ United States/Mexico (excludes utilities, wholesale)","","","","","","","","NOT_SOURCED -- Wiza returned candidates but San Francisco Bay Area, CA contacts for a Rio Grande Valley, TX company (metroelectric-rgv.com) -- likely different company, no usable contact","Not Contacted","0","cat3_enriched_2026-08-18.csv"
"Bryant-Durham Electric Co., Inc.","bryantdurhamelectric.com","Cat3","N/A-Cat3","","","","","","","firmographic (ai_ark: electrical/data center construction, US/Mexico)","Firmographic fit: AI Ark company search matched industry [""electrical construction"",""data center construction""], employeeSize range 50-10,000, HQ United States/Mexico (excludes utilities, wholesale)","","","Ralph Arone","Preconstruction Director","PRINCIPAL","linkedin.com/in/ralph-arone-51a7a816","ralph.arone@bryantdurham.com","VERIFIED -- Hunter: accept_all=false, verification.status=valid, checked 2026-08-18","Not Contacted","0","cat3_enriched_2026-08-18.csv"
"McCarter Electrical","mccarterelectric.com","Cat3","N/A-Cat3","","","","","","","firmographic (ai_ark: electrical/data center construction, US/Mexico)","Firmographic fit: AI Ark company search matched industry [""electrical construction"",""data center construction""], employeeSize range 50-10,000, HQ United States/Mexico (excludes utilities, wholesale)","","","","","","","","NOT_SOURCED -- Wiza (free) returned 0 employees matching procurement/supply-chain/preconstruction/estimating/data-center-construction titles","Not Contacted","0","cat3_enriched_2026-08-18.csv"
"Settle Muter Electric","settlemuter.com","Cat3","N/A-Cat3","","","","","","","firmographic (ai_ark: electrical/data center construction, US/Mexico)","Firmographic fit: AI Ark company search matched industry [""electrical construction"",""data center construction""], employeeSize range 50-10,000, HQ United States/Mexico (excludes utilities, wholesale)","","","Matt Johnson","Estimating Director","PRINCIPAL","linkedin.com/in/matt-johnson-18531920","mjohnson@settlemuter.com","VERIFIED -- Hunter: accept_all=false, verification.status=valid, checked 2026-08-18","Not Contacted","0","cat3_enriched_2026-08-18.csv"
"Settle Muter Electric","settlemuter.com","Cat3","N/A-Cat3","","","","","","","firmographic (ai_ark: electrical/data center construction, US/Mexico)","Firmographic fit: AI Ark company search matched industry [""electrical construction"",""data center construction""], employeeSize range 50-10,000, HQ United States/Mexico (excludes utilities, wholesale)","","","Brad Muter","Project Manager / Estimating","SECUNDARIA","","bmuter@settlemuter.com","VERIFIED -- Hunter: accept_all=false, verification.status=valid, checked 2026-08-18","Not Contacted","0","cat3_enriched_2026-08-18.csv"
"Liberty Elevator Corporation","libertyelevator.com","Cat3","N/A-Cat3","","","","","","","firmographic (ai_ark: electrical/data center construction, US/Mexico)","Firmographic fit: AI Ark company search matched industry [""electrical construction"",""data center construction""], employeeSize range 50-10,000, HQ United States/Mexico (excludes utilities, wholesale)","","","","","","","","NOT_SOURCED -- Wiza (free) returned 0 employees matching procurement/supply-chain/preconstruction/estimating/data-center-construction titles","Not Contacted","0","cat3_enriched_2026-08-18.csv"
"Energy Electrical Contractors","energyelectricne.com","Cat3","N/A-Cat3","","","","","","","firmographic (ai_ark: electrical/data center construction, US/Mexico)","Firmographic fit: AI Ark company search matched industry [""electrical construction"",""data center construction""], employeeSize range 50-10,000, HQ United States/Mexico (excludes utilities, wholesale)","","","Nate Wasson","Preconstruction Manager","PRINCIPAL","linkedin.com/in/nate-wasson-7a936b33a","","NOT_FOUND -- Hunter no candidate; icypeas no result, checked 2026-08-18","Not Contacted","0","cat3_enriched_2026-08-18.csv"
"Energy Electrical Contractors","energyelectricne.com","Cat3","N/A-Cat3","","","","","","","firmographic (ai_ark: electrical/data center construction, US/Mexico)","Firmographic fit: AI Ark company search matched industry [""electrical construction"",""data center construction""], employeeSize range 50-10,000, HQ United States/Mexico (excludes utilities, wholesale)","","","Aine Harrison","Assistant Preconstruction Manager","SECUNDARIA","linkedin.com/in/áine-harrison-7168171b0","","NOT_FOUND -- Hunter no candidate; icypeas no result, checked 2026-08-18","Not Contacted","0","cat3_enriched_2026-08-18.csv"
"Mid-West Electric","mid-westelectric.com","Cat3","N/A-Cat3","","","","","","","firmographic (ai_ark: electrical/data center construction, US/Mexico)","Firmographic fit: AI Ark company search matched industry [""electrical construction"",""data center construction""], employeeSize range 50-10,000, HQ United States/Mexico (excludes utilities, wholesale)","","","","","","","","NOT_SOURCED -- Wiza (free) returned 0 employees matching procurement/supply-chain/preconstruction/estimating/data-center-construction titles","Not Contacted","0","cat3_enriched_2026-08-18.csv"
"Beckstrom Electric","beckstromelectric.com","Cat3","N/A-Cat3","","","","","","","firmographic (ai_ark: electrical/data center construction, US/Mexico)","Firmographic fit: AI Ark company search matched industry [""electrical construction"",""data center construction""], employeeSize range 50-10,000, HQ United States/Mexico (excludes utilities, wholesale)","","","","","","","","NOT_SOURCED -- Wiza (free) returned 0 employees matching procurement/supply-chain/preconstruction/estimating/data-center-construction titles","Not Contacted","0","cat3_enriched_2026-08-18.csv"
"Parkway Electric & Communications LLC","parkway.us","Cat3","N/A-Cat3","","","","","","","firmographic (ai_ark: electrical/data center construction, US/Mexico)","Firmographic fit: AI Ark company search matched industry [""electrical construction"",""data center construction""], employeeSize range 50-10,000, HQ United States/Mexico (excludes utilities, wholesale)","","","","","","","","NOT_SOURCED -- Wiza (free) returned 0 employees matching procurement/supply-chain/preconstruction/estimating/data-center-construction titles","Not Contacted","0","cat3_enriched_2026-08-18.csv"
"Altimate Electric, Inc.","altimateelectric.com","Cat3","N/A-Cat3","","","","","","","firmographic (ai_ark: electrical/data center construction, US/Mexico)","Firmographic fit: AI Ark company search matched industry [""electrical construction"",""data center construction""], employeeSize range 50-10,000, HQ United States/Mexico (excludes utilities, wholesale)","","","Dan Pritchett","Vice President of Preconstruction and Development","PRINCIPAL","linkedin.com/in/dan-pritchett-a51252201","dpritchett@altimateelectric.com","VERIFIED -- Hunter: accept_all=false, verification.status=valid, checked 2026-08-18","Not Contacted","0","cat3_enriched_2026-08-18.csv"
"Boys Electrical Contractors, LLC","boyselectrical.com","Cat3","N/A-Cat3","","","","","","","firmographic (ai_ark: electrical/data center construction, US/Mexico)","Firmographic fit: AI Ark company search matched industry [""electrical construction"",""data center construction""], employeeSize range 50-10,000, HQ United States/Mexico (excludes utilities, wholesale)","","","Andrew Wyatt","Senior Vice President of Preconstruction","PRINCIPAL","linkedin.com/in/andrew-wyatt-ec13004977","","UNVERIFIED_NO_SENDABLE_EMAIL -- Hunter accept_all; icypeas no result, checked 2026-08-18","Not Contacted","0","cat3_enriched_2026-08-18.csv"
"Boys Electrical Contractors, LLC","boyselectrical.com","Cat3","N/A-Cat3","","","","","","","firmographic (ai_ark: electrical/data center construction, US/Mexico)","Firmographic fit: AI Ark company search matched industry [""electrical construction"",""data center construction""], employeeSize range 50-10,000, HQ United States/Mexico (excludes utilities, wholesale)","","","Brian Trumble","Vice President of Preconstruction","SECUNDARIA","linkedin.com/in/brian-trumble-a4877a5a","","UNVERIFIED_NO_SENDABLE_EMAIL -- Hunter accept_all; icypeas returned certainty=probable (not confirmed), not used, checked 2026-08-18","Not Contacted","0","cat3_enriched_2026-08-18.csv"
"Hugh O'Kane Electric Co., Inc.","hokane.com","Cat3","N/A-Cat3","","","","","","","firmographic (ai_ark: electrical/data center construction, US/Mexico)","Firmographic fit: AI Ark company search matched industry [""electrical construction"",""data center construction""], employeeSize range 50-10,000, HQ United States/Mexico (excludes utilities, wholesale)","","","","","","","","NOT_SOURCED -- Wiza (free) returned 0 employees matching procurement/supply-chain/preconstruction/estimating/data-center-construction titles","Not Contacted","0","cat3_enriched_2026-08-18.csv"
"Worldwide Mission Critical","worldwidemissioncritical.com","Cat3","N/A-Cat3","","","","","","","firmographic (ai_ark: electrical/data center construction, US/Mexico)","Firmographic fit: AI Ark company search matched industry [""electrical construction"",""data center construction""], employeeSize range 50-10,000, HQ United States/Mexico (excludes utilities, wholesale)","","","Mark Hill","Vice President Procurement","PRINCIPAL","linkedin.com/in/mark-h-27700131","","UNVERIFIED_NO_SENDABLE_EMAIL -- Hunter accept_all; icypeas no result, checked 2026-08-18","Not Contacted","0","cat3_enriched_2026-08-18.csv"
"Worldwide Mission Critical","worldwidemissioncritical.com","Cat3","N/A-Cat3","","","","","","","firmographic (ai_ark: electrical/data center construction, US/Mexico)","Firmographic fit: AI Ark company search matched industry [""electrical construction"",""data center construction""], employeeSize range 50-10,000, HQ United States/Mexico (excludes utilities, wholesale)","","","Bill Schneider","Senior Procurement Director","SECUNDARIA","linkedin.com/in/billschneider937","","UNVERIFIED_NO_SENDABLE_EMAIL -- Hunter accept_all; icypeas returned 10 guessed permutations, ALL certainty=not_found, none used, checked 2026-08-18","Not Contacted","0","cat3_enriched_2026-08-18.csv"
"C&B Electric & Security","cbdallaselectrician.com","Cat3","N/A-Cat3","","","","","","","firmographic (ai_ark: electrical/data center construction, US/Mexico)","Firmographic fit: AI Ark company search matched industry [""electrical construction"",""data center construction""], employeeSize range 50-10,000, HQ United States/Mexico (excludes utilities, wholesale)","","","","","","","","NOT_SOURCED -- Wiza (free) returned 0 employees matching procurement/supply-chain/preconstruction/estimating/data-center-construction titles","Not Contacted","0","cat3_enriched_2026-08-18.csv"
"Commonwealth Electrical Technologies","comelectrical.com","Cat3","N/A-Cat3","","","","","","","firmographic (ai_ark: electrical/data center construction, US/Mexico)","Firmographic fit: AI Ark company search matched industry [""electrical construction"",""data center construction""], employeeSize range 50-10,000, HQ United States/Mexico (excludes utilities, wholesale)","","","Jess Peterson","Vice President of Estimating","PRINCIPAL","linkedin.com/in/jess-peterson-5b17082b","","UNVERIFIED_NO_SENDABLE_EMAIL -- Hunter accept_all; icypeas no result, checked 2026-08-18","Not Contacted","0","cat3_enriched_2026-08-18.csv"
"Accurate Electric Construction, Inc","aecohio.com","Cat3","N/A-Cat3","","","","","","","firmographic (ai_ark: electrical/data center construction, US/Mexico)","Firmographic fit: AI Ark company search matched industry [""electrical construction"",""data center construction""], employeeSize range 50-10,000, HQ United States/Mexico (excludes utilities, wholesale)","","","","","","","","NOT_SOURCED -- Wiza (free) returned 0 employees matching procurement/supply-chain/preconstruction/estimating/data-center-construction titles","Not Contacted","0","cat3_enriched_2026-08-18.csv"
"Arnold & Blevins Electric Co","arnoldblevins.com","Cat3","N/A-Cat3","","","","","","","firmographic (ai_ark: electrical/data center construction, US/Mexico)","Firmographic fit: AI Ark company search matched industry [""electrical construction"",""data center construction""], employeeSize range 50-10,000, HQ United States/Mexico (excludes utilities, wholesale)","","","","","","","","NOT_SOURCED -- Wiza returned candidates but Glasgow/Barrhead, Scotland, UK contacts for a US company -- likely different company, no usable contact","Not Contacted","0","cat3_enriched_2026-08-18.csv"
"Modern Electric Company","modern-electric.com","Cat3","N/A-Cat3","","","","","","","firmographic (ai_ark: electrical/data center construction, US/Mexico)","Firmographic fit: AI Ark company search matched industry [""electrical construction"",""data center construction""], employeeSize range 50-10,000, HQ United States/Mexico (excludes utilities, wholesale)","","","","","","","","NOT_SOURCED -- Wiza (free) returned 0 employees matching procurement/supply-chain/preconstruction/estimating/data-center-construction titles","Not Contacted","0","cat3_enriched_2026-08-18.csv"
"Utility Construction Services, LLC","ucspower.com","Cat3","N/A-Cat3","","","","","","","firmographic (ai_ark: electrical/data center construction, US/Mexico)","Firmographic fit: AI Ark company search matched industry [""electrical construction"",""data center construction""], employeeSize range 50-10,000, HQ United States/Mexico (excludes utilities, wholesale)","","","","","","","","NOT_SOURCED -- Wiza (free) returned 0 employees matching procurement/supply-chain/preconstruction/estimating/data-center-construction titles","Not Contacted","0","cat3_enriched_2026-08-18.csv"
"Staco Electric Construction Co","stacoelectric.com","Cat3","N/A-Cat3","","","","","","","firmographic (ai_ark: electrical/data center construction, US/Mexico)","Firmographic fit: AI Ark company search matched industry [""electrical construction"",""data center construction""], employeeSize range 50-10,000, HQ United States/Mexico (excludes utilities, wholesale)","","","Adam Becker","Vice President of Preconstruction","PRINCIPAL","linkedin.com/in/adambeckerkc","abecker@stacoelectric.com","VERIFIED -- Hunter: accept_all=false, verification.status=valid, checked 2026-08-18","Not Contacted","0","cat3_enriched_2026-08-18.csv"
"RES Contractors","res-usa.com","Cat3","N/A-Cat3","","","","","","","firmographic (ai_ark: electrical/data center construction, US/Mexico)","Firmographic fit: AI Ark company search matched industry [""electrical construction"",""data center construction""], employeeSize range 50-10,000, HQ United States/Mexico (excludes utilities, wholesale)","","","","","","","","NOT_SOURCED -- Wiza (free) returned 0 employees matching procurement/supply-chain/preconstruction/estimating/data-center-construction titles","Not Contacted","0","cat3_enriched_2026-08-18.csv"
"WESTGATE, INC.","westgatellc.com","Cat3","N/A-Cat3","","","","","","","firmographic (ai_ark: electrical/data center construction, US/Mexico)","Firmographic fit: AI Ark company search matched industry [""electrical construction"",""data center construction""], employeeSize range 50-10,000, HQ United States/Mexico (excludes utilities, wholesale)","","","","","","","","NOT_SOURCED -- Wiza returned candidates but Orlando/Las Vegas hospitality-procurement contacts (Westgate Resorts), not the electrical contractor -- likely different company, no usable contact","Not Contacted","0","cat3_enriched_2026-08-18.csv"
"RACK","rackelectric.com","Cat3","N/A-Cat3","","","","","","","firmographic (ai_ark: electrical/data center construction, US/Mexico)","Firmographic fit: AI Ark company search matched industry [""electrical construction"",""data center construction""], employeeSize range 50-10,000, HQ United States/Mexico (excludes utilities, wholesale)","","","","","","","","NOT_SOURCED -- Wiza (free) returned 0 employees matching procurement/supply-chain/preconstruction/estimating/data-center-construction titles","Not Contacted","0","cat3_enriched_2026-08-18.csv"
"Broadway Electric Inc.","broadwayelectric.com","Cat3","N/A-Cat3","","","","","","","firmographic (ai_ark: electrical/data center construction, US/Mexico)","Firmographic fit: AI Ark company search matched industry [""electrical construction"",""data center construction""], employeeSize range 50-10,000, HQ United States/Mexico (excludes utilities, wholesale)","","","","","","","","NOT_SOURCED -- Wiza (free) returned 0 employees matching procurement/supply-chain/preconstruction/estimating/data-center-construction titles","Not Contacted","0","cat3_enriched_2026-08-18.csv"
"Strategic Mechanical, Inc.","strategicmechanical.com","Cat3","N/A-Cat3","","","","","","","firmographic (ai_ark: electrical/data center construction, US/Mexico)","Firmographic fit: AI Ark company search matched industry [""electrical construction"",""data center construction""], employeeSize range 50-10,000, HQ United States/Mexico (excludes utilities, wholesale)","","","John Armanino","Project/Estimating Assistant","PRINCIPAL","linkedin.com/in/jja4","","NOT_FOUND -- Hunter no candidate; icypeas no result, checked 2026-08-18","Not Contacted","0","cat3_enriched_2026-08-18.csv"
"Strategic Mechanical, Inc.","strategicmechanical.com","Cat3","N/A-Cat3","","","","","","","firmographic (ai_ark: electrical/data center construction, US/Mexico)","Firmographic fit: AI Ark company search matched industry [""electrical construction"",""data center construction""], employeeSize range 50-10,000, HQ United States/Mexico (excludes utilities, wholesale)","","","Mark Stoeckle","Service Estimating","SECUNDARIA","linkedin.com/in/mark-j-stoeckle-6aa38720","","NOT_FOUND -- Hunter no candidate; icypeas no result, checked 2026-08-18","Not Contacted","0","cat3_enriched_2026-08-18.csv"
"B&R Construction Services","brconstserv.com","Cat3","N/A-Cat3","","","","","","","firmographic (ai_ark: electrical/data center construction, US/Mexico)","Firmographic fit: AI Ark company search matched industry [""electrical construction"",""data center construction""], employeeSize range 50-10,000, HQ United States/Mexico (excludes utilities, wholesale)","","","","","","","","NOT_SOURCED -- Wiza returned candidates but Dubai/Doha/India/Algeria oil & gas procurement contacts -- likely different company, no usable contact","Not Contacted","0","cat3_enriched_2026-08-18.csv"
"S&W Electrical Contractors, Inc.","swelectricinc.com","Cat3","N/A-Cat3","","","","","","","firmographic (ai_ark: electrical/data center construction, US/Mexico)","Firmographic fit: AI Ark company search matched industry [""electrical construction"",""data center construction""], employeeSize range 50-10,000, HQ United States/Mexico (excludes utilities, wholesale)","","","","","","","","NOT_SOURCED -- Wiza (free) returned 0 employees matching procurement/supply-chain/preconstruction/estimating/data-center-construction titles","Not Contacted","0","cat3_enriched_2026-08-18.csv"
"Morton Electric, Inc.","mortonelectricinc.com","Cat3","N/A-Cat3","","","","","","","firmographic (ai_ark: electrical/data center construction, US/Mexico)","Firmographic fit: AI Ark company search matched industry [""electrical construction"",""data center construction""], employeeSize range 50-10,000, HQ United States/Mexico (excludes utilities, wholesale)","","","Ken Prior","Electrical Estimating","PRINCIPAL","linkedin.com/in/ken-prior-853681144","","NOT_FOUND -- Hunter no candidate; icypeas no result, checked 2026-08-18","Not Contacted","0","cat3_enriched_2026-08-18.csv"
"Nitro Construction Services, Inc.","nitroconstructionservices.com","Cat3","N/A-Cat3","","","","","","","firmographic (ai_ark: electrical/data center construction, US/Mexico)","Firmographic fit: AI Ark company search matched industry [""electrical construction"",""data center construction""], employeeSize range 50-10,000, HQ United States/Mexico (excludes utilities, wholesale)","","","","","","","","NOT_SOURCED -- Wiza (free) returned 0 employees matching procurement/supply-chain/preconstruction/estimating/data-center-construction titles","Not Contacted","0","cat3_enriched_2026-08-18.csv"
"Samson Electric, Inc","sei-ak.com","Cat3","N/A-Cat3","","","","","","","firmographic (ai_ark: electrical/data center construction, US/Mexico)","Firmographic fit: AI Ark company search matched industry [""electrical construction"",""data center construction""], employeeSize range 50-10,000, HQ United States/Mexico (excludes utilities, wholesale)","","","","","","","","NOT_SOURCED -- Wiza (free) returned 0 employees matching procurement/supply-chain/preconstruction/estimating/data-center-construction titles","Not Contacted","0","cat3_enriched_2026-08-18.csv"
"D&D Electrical Contractors, Inc. / DNet Cabling & Solar","danddnet.com","Cat3","N/A-Cat3","","","","","","","firmographic (ai_ark: electrical/data center construction, US/Mexico)","Firmographic fit: AI Ark company search matched industry [""electrical construction"",""data center construction""], employeeSize range 50-10,000, HQ United States/Mexico (excludes utilities, wholesale)","","","","","","","","NOT_SOURCED -- Wiza (free) returned 0 employees matching procurement/supply-chain/preconstruction/estimating/data-center-construction titles","Not Contacted","0","cat3_enriched_2026-08-18.csv"
"ABM MECHANICAL, INC.","abmmechanical.com","Cat3","N/A-Cat3","","","","","","","firmographic (ai_ark: electrical/data center construction, US/Mexico)","Firmographic fit: AI Ark company search matched industry [""electrical construction"",""data center construction""], employeeSize range 50-10,000, HQ United States/Mexico (excludes utilities, wholesale)","","","","","","","","NOT_SOURCED -- Wiza (free) returned 0 employees matching procurement/supply-chain/preconstruction/estimating/data-center-construction titles","Not Contacted","0","cat3_enriched_2026-08-18.csv"
"Penco Electrical Contractors, Inc","pencoelectric.com","Cat3","N/A-Cat3","","","","","","","firmographic (ai_ark: electrical/data center construction, US/Mexico)","Firmographic fit: AI Ark company search matched industry [""electrical construction"",""data center construction""], employeeSize range 50-10,000, HQ United States/Mexico (excludes utilities, wholesale)","","","","","","","","NOT_SOURCED -- Wiza (free) returned 0 employees matching procurement/supply-chain/preconstruction/estimating/data-center-construction titles","Not Contacted","0","cat3_enriched_2026-08-18.csv"
"GAC Services","gacservices.com","Cat3","N/A-Cat3","","","","","","","firmographic (ai_ark: electrical/data center construction, US/Mexico)","Firmographic fit: AI Ark company search matched industry [""electrical construction"",""data center construction""], employeeSize range 50-10,000, HQ United States/Mexico (excludes utilities, wholesale)","","","","","","","","NOT_SOURCED -- Wiza (free) returned 0 employees matching procurement/supply-chain/preconstruction/estimating/data-center-construction titles","Not Contacted","0","cat3_enriched_2026-08-18.csv"
"Allcom Electric, Inc.","allcomelectric.com","Cat3","N/A-Cat3","","","","","","","firmographic (ai_ark: electrical/data center construction, US/Mexico)","Firmographic fit: AI Ark company search matched industry [""electrical construction"",""data center construction""], employeeSize range 50-10,000, HQ United States/Mexico (excludes utilities, wholesale)","","","","","","","","NOT_SOURCED -- Wiza (free) returned 0 employees matching procurement/supply-chain/preconstruction/estimating/data-center-construction titles","Not Contacted","0","cat3_enriched_2026-08-18.csv"
"Metro RF Services","metrorf.com","Cat3","N/A-Cat3","","","","","","","firmographic (ai_ark: electrical/data center construction, US/Mexico)","Firmographic fit: AI Ark company search matched industry [""electrical construction"",""data center construction""], employeeSize range 50-10,000, HQ United States/Mexico (excludes utilities, wholesale)","","","","","","","","NOT_SOURCED -- Wiza (free) returned 0 employees matching procurement/supply-chain/preconstruction/estimating/data-center-construction titles","Not Contacted","0","cat3_enriched_2026-08-18.csv"
"Reddy Electric Co.","reddyelectric.com","Cat3","N/A-Cat3","","","","","","","firmographic (ai_ark: electrical/data center construction, US/Mexico)","Firmographic fit: AI Ark company search matched industry [""electrical construction"",""data center construction""], employeeSize range 50-10,000, HQ United States/Mexico (excludes utilities, wholesale)","","","","","","","","NOT_SOURCED -- Wiza (free) returned 0 employees matching procurement/supply-chain/preconstruction/estimating/data-center-construction titles","Not Contacted","0","cat3_enriched_2026-08-18.csv"
"Outback Contractors, Inc.","outback-inc.com","Cat3","N/A-Cat3","","","","","","","firmographic (ai_ark: electrical/data center construction, US/Mexico)","Firmographic fit: AI Ark company search matched industry [""electrical construction"",""data center construction""], employeeSize range 50-10,000, HQ United States/Mexico (excludes utilities, wholesale)","","","","","","","","NOT_SOURCED -- Wiza (free) returned 0 employees matching procurement/supply-chain/preconstruction/estimating/data-center-construction titles","Not Contacted","0","cat3_enriched_2026-08-18.csv"
"Dynalectric Colorado","dyna-co.com","Cat3","N/A-Cat3","","","","","","","firmographic (ai_ark: electrical/data center construction, US/Mexico)","Firmographic fit: AI Ark company search matched industry [""electrical construction"",""data center construction""], employeeSize range 50-10,000, HQ United States/Mexico (excludes utilities, wholesale)","","","Bill Marshall","Manager of Preconstruction","PRINCIPAL","linkedin.com/in/bill-marshall-a2743514","","NOT_FOUND -- Hunter no candidate; icypeas no result, checked 2026-08-18","Not Contacted","0","cat3_enriched_2026-08-18.csv"
"CM Richey Electrical Contractors Inc","cmrichey.com","Cat3","N/A-Cat3","","","","","","","firmographic (ai_ark: electrical/data center construction, US/Mexico)","Firmographic fit: AI Ark company search matched industry [""electrical construction"",""data center construction""], employeeSize range 50-10,000, HQ United States/Mexico (excludes utilities, wholesale)","","","","","","","","NOT_SOURCED -- Wiza (free) returned 0 employees matching procurement/supply-chain/preconstruction/estimating/data-center-construction titles","Not Contacted","0","cat3_enriched_2026-08-18.csv"
"STS Construction Services","stsconstructionservices.com","Cat3","N/A-Cat3","","","","","","","firmographic (ai_ark: electrical/data center construction, US/Mexico)","Firmographic fit: AI Ark company search matched industry [""electrical construction"",""data center construction""], employeeSize range 50-10,000, HQ United States/Mexico (excludes utilities, wholesale)","","","","","","","","NOT_SOURCED -- Wiza (free) returned 0 employees matching procurement/supply-chain/preconstruction/estimating/data-center-construction titles","Not Contacted","0","cat3_enriched_2026-08-18.csv"
"Econo Air","myeconoair.com","Cat3","N/A-Cat3","","","","","","","firmographic (ai_ark: electrical/data center construction, US/Mexico)","Firmographic fit: AI Ark company search matched industry [""electrical construction"",""data center construction""], employeeSize range 50-10,000, HQ United States/Mexico (excludes utilities, wholesale)","","","","","","","","NOT_SOURCED -- Wiza (free) returned 0 employees matching procurement/supply-chain/preconstruction/estimating/data-center-construction titles","Not Contacted","0","cat3_enriched_2026-08-18.csv"
"Pro Circuit Incorporated","procircuitinc.com","Cat3","N/A-Cat3","","","","","","","firmographic (ai_ark: electrical/data center construction, US/Mexico)","Firmographic fit: AI Ark company search matched industry [""electrical construction"",""data center construction""], employeeSize range 50-10,000, HQ United States/Mexico (excludes utilities, wholesale)","","","","","","","","NOT_SOURCED -- Wiza (free) returned 0 employees matching procurement/supply-chain/preconstruction/estimating/data-center-construction titles","Not Contacted","0","cat3_enriched_2026-08-18.csv"
"Tennyson Electric LLC","tennysonelec.com","Cat3","N/A-Cat3","","","","","","","firmographic (ai_ark: electrical/data center construction, US/Mexico)","Firmographic fit: AI Ark company search matched industry [""electrical construction"",""data center construction""], employeeSize range 50-10,000, HQ United States/Mexico (excludes utilities, wholesale)","","","","","","","","NOT_SOURCED -- Wiza (free) returned 0 employees matching procurement/supply-chain/preconstruction/estimating/data-center-construction titles","Not Contacted","0","cat3_enriched_2026-08-18.csv"
"Precision Electric Company","precisionelectricco.com","Cat3","N/A-Cat3","","","","","","","firmographic (ai_ark: electrical/data center construction, US/Mexico)","Firmographic fit: AI Ark company search matched industry [""electrical construction"",""data center construction""], employeeSize range 50-10,000, HQ United States/Mexico (excludes utilities, wholesale)","","","","","","","","NOT_SOURCED -- Wiza (free) returned 0 employees matching procurement/supply-chain/preconstruction/estimating/data-center-construction titles","Not Contacted","0","cat3_enriched_2026-08-18.csv"
"Applied High Voltage, LLC","ahvsllc.com","Cat3","N/A-Cat3","","","","","","","firmographic (ai_ark: electrical/data center construction, US/Mexico)","Firmographic fit: AI Ark company search matched industry [""electrical construction"",""data center construction""], employeeSize range 50-10,000, HQ United States/Mexico (excludes utilities, wholesale)","","","Frank Garrow","Director of Operations","PRINCIPAL","linkedin.com/in/frank-garrow-3a72a15a","fgarrow@ahvsllc.com","VERIFIED -- Hunter: accept_all=false, verification.status=valid, checked 2026-08-18","Not Contacted","0","cat3_enriched_2026-08-18.csv"
"Applied High Voltage, LLC","ahvsllc.com","Cat3","N/A-Cat3","","","","","","","firmographic (ai_ark: electrical/data center construction, US/Mexico)","Firmographic fit: AI Ark company search matched industry [""electrical construction"",""data center construction""], employeeSize range 50-10,000, HQ United States/Mexico (excludes utilities, wholesale)","","","David Matthews","Document Control Manager","SECUNDARIA","linkedin.com/in/david-matthews-87416017a","dmatthews@ahvsllc.com","VERIFIED -- Hunter: accept_all=false, verification.status=valid, checked 2026-08-18","Not Contacted","0","cat3_enriched_2026-08-18.csv"
"Pride Enterprises, Inc.","prideenterprises.com","Cat3","N/A-Cat3","","","","","","","firmographic (ai_ark: electrical/data center construction, US/Mexico)","Firmographic fit: AI Ark company search matched industry [""electrical construction"",""data center construction""], employeeSize range 50-10,000, HQ United States/Mexico (excludes utilities, wholesale)","","","","","","","","NOT_SOURCED -- Wiza (free) returned 0 employees matching procurement/supply-chain/preconstruction/estimating/data-center-construction titles","Not Contacted","0","cat3_enriched_2026-08-18.csv"
"E-MC Electrical, Inc.","e-mc7.com","Cat3","N/A-Cat3","","","","","","","firmographic (ai_ark: electrical/data center construction, US/Mexico)","Firmographic fit: AI Ark company search matched industry [""electrical construction"",""data center construction""], employeeSize range 50-10,000, HQ United States/Mexico (excludes utilities, wholesale)","","","","","","","","NOT_SOURCED -- Wiza (free) returned 0 employees matching procurement/supply-chain/preconstruction/estimating/data-center-construction titles","Not Contacted","0","cat3_enriched_2026-08-18.csv"
"AE Electrical Solutions","aees.com","Cat3","N/A-Cat3","","","","","","","firmographic (ai_ark: electrical/data center construction, US/Mexico)","Firmographic fit: AI Ark company search matched industry [""electrical construction"",""data center construction""], employeeSize range 50-10,000, HQ United States/Mexico (excludes utilities, wholesale)","","","Monty Montfort","Procurement Manager","PRINCIPAL","linkedin.com/in/monty-montfort-b79764215","mmontfort@aees.com","VERIFIED -- Hunter: accept_all=false, verification.status=valid, checked 2026-08-18","Not Contacted","0","cat3_enriched_2026-08-18.csv"
"D&S Electrical Contractors, Inc.","dselectrical.com","Cat3","N/A-Cat3","","","","","","","firmographic (ai_ark: electrical/data center construction, US/Mexico)","Firmographic fit: AI Ark company search matched industry [""electrical construction"",""data center construction""], employeeSize range 50-10,000, HQ United States/Mexico (excludes utilities, wholesale)","","","","","","","","NOT_SOURCED -- Wiza (free) returned 0 employees matching procurement/supply-chain/preconstruction/estimating/data-center-construction titles","Not Contacted","0","cat3_enriched_2026-08-18.csv"
