account_name,domain,company_category,sub_segment,priority,vertical_owner,excluded,exclusion_reason,scope_tier,needs_manual_scope_confirmation,signal_source,signal_detail,signal_url,signal_date,contact_name,contact_title,priority_tier,linkedin_url,contact_email,email_status,stage,contact_count,source_files,assigned_owner
Mortenson Construction,mortenson.com,Cat5,N/A-Cat5,P2,UNKNOWN,no,,,,notion: Cat5 curated,"Notion Data Centers GTM, Cat5 curated: Full-Scope Accountability = Strong, Prima Priority 2",,,Mike Peterson,Vice President Supply Chain,PRINCIPAL,https://www.linkedin.com/in/mike-peterson-69121b23,mike.peterson@mortenson.com,"VERIFIED -- Dropleads: status=valid, checked 2026-10-02",Not Contacted,0,cat5_sample_icpcheck_20261002.csv;dropleads_search_people;dropleads_email_finder,
Mortenson Construction,mortenson.com,Cat5,N/A-Cat5,P2,UNKNOWN,no,,,,notion: Cat5 curated,"Notion Data Centers GTM, Cat5 curated: Full-Scope Accountability = Strong, Prima Priority 2",,,Jacob Eglseder,Director of Supply Chain Management,PRINCIPAL,https://www.linkedin.com/in/jacob-eglseder-7a54a7128,jacob.eglseder@mortenson.com,"VERIFIED -- Dropleads: status=valid, checked 2026-10-02",Not Contacted,0,cat5_sample_icpcheck_20261002.csv;dropleads_search_people;dropleads_email_finder,
DPR Construction,dpr.com,Cat5,N/A-Cat5,P2,UNKNOWN,no,,,,notion: Cat5 curated,"Notion Data Centers GTM, Cat5 curated: Full-Scope Accountability = Strong, Prima Priority 2",,,Clarissa Biddle,Core Markets Supply Chain Lead,PRINCIPAL,http://www.linkedin.com/in/clarissa-biddle-5b8a7147,,"NOT_VERIFIED -- Dropleads: status=catch_all (buzon no confirmable); dejado en blanco por regla estricta, checked 2026-10-02",Not Contacted,0,cat5_sample_icpcheck_20261002.csv;dropleads_search_people;dropleads_email_finder,
DPR Construction,dpr.com,Cat5,N/A-Cat5,P2,UNKNOWN,no,,,,notion: Cat5 curated,"Notion Data Centers GTM, Cat5 curated: Full-Scope Accountability = Strong, Prima Priority 2",,,Nagaraju Komuravelli,"Supply Chain Material, Equipment, Supplier Manager",PRINCIPAL,http://www.linkedin.com/in/nagaraju-komuravelli-8689381b,,"NOT_VERIFIED -- Dropleads: status=catch_all (buzon no confirmable); dejado en blanco por regla estricta, checked 2026-10-02",Not Contacted,0,cat5_sample_icpcheck_20261002.csv;dropleads_search_people;dropleads_email_finder,
Holder Construction,holderconstruction.com,Cat5,N/A-Cat5,P2,UNKNOWN,no,,,,notion: Cat5 curated,"Notion Data Centers GTM, Cat5 curated: Full-Scope Accountability = Strong, Prima Priority 2",,,Jeff Budde,MEP Procurement Manager,PRINCIPAL,http://www.linkedin.com/in/jeff-budde-pmp-062b1267,,"NOT_VERIFIED -- Dropleads: status=catch_all (buzon no confirmable); dejado en blanco por regla estricta, checked 2026-10-02",Not Contacted,0,cat5_sample_icpcheck_20261002.csv;dropleads_search_people;dropleads_email_finder,
Holder Construction,holderconstruction.com,Cat5,N/A-Cat5,P2,UNKNOWN,no,,,,notion: Cat5 curated,"Notion Data Centers GTM, Cat5 curated: Full-Scope Accountability = Strong, Prima Priority 2",,,Lacorey Whitehead,Senior Engineer (Supply Chain Management) MEP Building Technology,PRINCIPAL,http://www.linkedin.com/in/lacoreywhitehead,,"NOT_FOUND -- Dropleads: not_found, checked 2026-10-02",Not Contacted,0,cat5_sample_icpcheck_20261002.csv;dropleads_search_people;dropleads_email_finder,
M.C. Dean,mcdean.com,Cat5,N/A-Cat5,P2,UNKNOWN,no,,,,notion: Cat5 curated,"Notion Data Centers GTM, Cat5 curated: Full-Scope Accountability = Strong, Prima Priority 2",,,Diana Smith,Vice President of Procurement,PRINCIPAL,http://www.linkedin.com/in/diana-smith-6a2323181,diana.smith@mcdean.com,"VERIFIED -- Dropleads: status=valid, checked 2026-10-02",Not Contacted,0,cat5_sample_icpcheck_20261002.csv;dropleads_search_people;dropleads_email_finder,
M.C. Dean,mcdean.com,Cat5,N/A-Cat5,P2,UNKNOWN,no,,,,notion: Cat5 curated,"Notion Data Centers GTM, Cat5 curated: Full-Scope Accountability = Strong, Prima Priority 2",,,Daniel Wano,Director of Procurement,PRINCIPAL,http://www.linkedin.com/in/danwano,,"NOT_VERIFIED -- Dropleads: status=catch_all (buzon no confirmable); dejado en blanco por regla estricta, checked 2026-10-02",Not Contacted,0,cat5_sample_icpcheck_20261002.csv;dropleads_search_people;dropleads_email_finder,
Comfort Systems USA,comfortsystemsusa.com,Cat5,N/A-Cat5,P2,UNKNOWN,no,,,TRUE,notion: Cat5 curated,"Notion Data Centers GTM, Cat5 curated: Full-Scope Accountability = Partial, Prima Priority 2",,,Dan Turcic,VP Strategic Sourcing,PRINCIPAL,http://www.linkedin.com/in/dan-turcic-498015b1,dan.turcic@comfortsystemsusa.com,"VERIFIED -- Dropleads: status=valid, checked 2026-10-02",Not Contacted,0,cat5_sample_icpcheck_20261002.csv;dropleads_search_people;dropleads_email_finder,
Comfort Systems USA,comfortsystemsusa.com,Cat5,N/A-Cat5,P2,UNKNOWN,no,,,TRUE,notion: Cat5 curated,"Notion Data Centers GTM, Cat5 curated: Full-Scope Accountability = Partial, Prima Priority 2",,,Ted Bashinski,Director of Purchasing/Safety/QC,PRINCIPAL,http://www.linkedin.com/in/ted-bashinski-b0a97b72,ted.bashinski@comfortsystemsusa.com,"VERIFIED -- Dropleads: status=valid, checked 2026-10-02",Not Contacted,0,cat5_sample_icpcheck_20261002.csv;dropleads_search_people;dropleads_email_finder,
Jacobs,jacobs.com,Cat5,N/A-Cat5,P2,UNKNOWN,yes,"PARKED: EPCM, spec-in angle not validated",,,notion: Cat5 curated,"Notion Data Centers GTM, Cat5 curated: Full-Scope Accountability = Strong, Prima Priority 2",,,,,,,,,Not Contacted,0,cat5_sample_icpcheck_20261002.csv,
