account_name,scope_tier,signal_summary,signal_source_url,contact_name,contact_title,linkedin_url,contact_email,email_status,best_channel
"ESS Tech, Inc. (NYSE: GWH)",tier_1,"Launched Bridge, a modular sodium-ion BESS targeted at AI data centers (2026-07-08)",https://www.ess-news.com/2026/07/09/ess-tech-introduces-sodium-ion-battery-for-data-centers-other-commercial-users/,Stacy Ristvedt,Direct Materials Procurement Manager,https://www.linkedin.com/in/stacy-ristvedt-1872b517,stacy.ristvedt@essinc.com,VERIFIED,email
Form Energy,tier_1,Google committed ~$1B for a 300MW/30GWh iron-air battery system for a new MN data center,https://techstartups.com/2026/02/26/form-energy-lands-1b-google-deal-for-100-hour-iron-air-battery-eyes-ipo/,Alex Mannion,"Staff Global Supply Manager, Strategic Sourcing",https://www.linkedin.com/in/alexmannion,amannion@formenergy.com,VERIFIED,email
Industrial Electric Mfg. (IEM),tier_1,"Seeking $200M for a 500,000 sqft switchgear/PDU plant at Brooks City Base, San Antonio TX",https://www.bexar.org/DocumentCenter/View/52245/Press-Release_-Economic-Development-Incentive-Agreement-IEM,Baljit Stocks,Purchasing Supervisor,https://www.linkedin.com/in/baljit-stocks-39272162,baljit.reyat@iemfg.com,VERIFIED,email
INNIO,tier_1,$2.43B IPO priced; new containerized power centers built specifically for data-center deployment,https://www.businesswire.com/news/home/20260603978417/en/INNIO-Announces-Pricing-of-Upsized-Initial-Public-Offering,Martin Ruetz,Director Jenbacher Procurement - US,https://www.linkedin.com/in/martin-ruetz-b88b70ab,martin.ruetz@innio.com,VERIFIED,email
PCX Corporation,tier_1,"Opened new 159,600 sqft Knightdale, NC facility for data-center electrical skids/enclosures",https://info.pcxcorp.com/news/pcx-announces-grand-opening-of-knightdale-manufacturing-facility,James Vinson,Purchasing Supervisor,https://www.linkedin.com/in/james-vinson-20a3a833,vinson@pcxcorp.com,VERIFIED,email
Sparkstone Electrical Group (SEG),tier_1,Unified 4 switchgear/panelboard manufacturers into one data-center-focused platform (2025-08),https://sparkstone.com/sparkstone-electrical-group-unites-four-industry-leaders-to-redefine-speed-in-power-distribution,Miguel Angel Garcia,Procurement Manager,https://www.linkedin.com/in/miguel-garcia-403075221,miguel.garcia@sparkstone.com,VERIFIED,email
Switchgear Power Systems (SPS),tier_1,Grew 50->300+ employees on 'high demand of data centers'; 2025 UW-Oshkosh talent-pipeline partnership,https://www.uwosh.edu/today/127339/energized-industry-leader-gears-up-with-uw-oshkosh-electrical-engineering-tech-program/,"Cherie Clute, C.P.M.",Sourcing Manager,https://www.linkedin.com/in/cherie-clute-c-p-m-421b603,cclute@switchgearpower.com,VERIFIED,email
AB Energy USA,tier_1,Opened new North American HQ; recently supplied 250MW of Ecomax 33 gas-engine generation units for TX/WY data center deployments,https://www.businesswire.com/news/home/20260311503223/en/AB-Energy-USA-Opens-New-North-American-Headquarters-Reinforcing-Power-Generation-Leadership-in-the-US,Giuseppe Fiorella,General Manager AB Energy USA,https://www.linkedin.com/in/giuseppe-fiorella-a624b230/,,solo LinkedIn,LinkedIn
American Products,tier_1,Announced plans to expand & add 95 jobs; grew via 2 acquisitions; dedicated AP Data Center Enclosure line,https://www.springfieldregion.com/american-products-announces-plans-to-expand-add-95-jobs-to-the-area/,"Brad McCain, CPIM",Purchasing & Cost Manager,https://www.linkedin.com/in/brad-mccain-cpim-4414ba174,,solo LinkedIn,LinkedIn
ARC Clean Technology,tier_1,Closed a $15M Series B to accelerate commercial deployment of its ARC-100 advanced small modular nuclear reactor,https://www.24-7pressrelease.com/press-release/529889/arc-clean-technology-announces-closing-of-series-b-financing-to-accelerate-commercial-deployment-of-its-advanced-small-modular-nuclear-reactor,James Wolf,CEO,https://www.linkedin.com/in/jmwolf01/,,solo LinkedIn,LinkedIn
Ford Energy,tier_1,"Ford Motor Co. launched Ford Energy subsidiary to build US-assembled grid-scale battery storage (20 GWh/year target) at a repurposed former BlueOval SK EV battery plant in Glendale, KY; ~$2B committed",https://electrek.co/2026/05/11/ford-energy-launches-battery-storage-subsidiary-20gwh-bess/,Lisa Drake,President Ford Energy (appointed 2026-01-27),https://www.linkedin.com/in/lisa-drake-7208308/,,solo LinkedIn,LinkedIn
HD Hyundai Power Transformers USA,tier_1,"$200M 2nd-plant expansion in Montgomery, AL for extra-high-voltage transformers",https://www.prnewswire.com/news-releases/hd-hyundai-electric-expands-us-production-subsidiary-solidifies-leadership-in-north-american-extra-high-voltage-power-transformer-market-302707507.html,Ivan Garduno,"Assistant Manager, Procurement",https://www.linkedin.com/in/ivan-garduno-aa580b26,,solo LinkedIn,LinkedIn
JST Power Equipment,tier_1,"Opened Wytheville, VA padmount transformer plant explicitly for utility/data-center demand",https://www.businesswire.com/news/home/20260519751615/en/JST-Power-Equipment-Opens-Virginia-Transformer-Manufacturing-Facility-to-Support-Power-for-Utilities-and-Data-Center-Demand,June W.,Senior Buyer,https://www.linkedin.com/in/june-w-2913009b,,solo LinkedIn,LinkedIn
Peak Energy,tier_1,"$71M, 183,000 sqft Sacramento CA factory -- first US plant dedicated to grid-scale sodium-ion storage, 4 GWh/yr, shipments start Q1 2027",https://www.ess-news.com/2026/07/09/peak-energy-to-build-4-gwh-grid-scale-sodium-ion-bess-factory-in-california/,Cameron Dales,Co-founder & Chief Commercial Officer,https://www.linkedin.com/in/camdales/,,solo LinkedIn,LinkedIn
Eos Energy Enterprises,tier_2,"New zinc-battery production line at Thorn Hill, PA, targeting 4 GWh/yr by end of 2026",https://www.ess-news.com/2026/06/16/eos-energy-expands-us-manufacturing-capacity-with-new-zinc-flow-battery-line/,Will Nauman,Category Manager,https://www.linkedin.com/in/will-nauman-b7600788,wnauman@eose.com,VERIFIED,email
EPC Power,tier_2,New SC manufacturing plant adding 27GW/yr power-conversion capacity for AI data centers,https://www.prnewswire.com/news-releases/epc-power-expands-us-manufacturing-to-meet-surging-demand-for-ai-data-center-power-302825669.html,Matt Leneway,Senior Director Procurement,https://www.linkedin.com/in/matthew-leneway,matt.leneway@epcpower.com,VERIFIED,email
Moment Energy,tier_2,Opened Megafactory 1 (Vancouver) -- world's largest 2nd-life EV battery repurposing factory,https://electrek.co/2026/07/02/worlds-largest-second-life-ev-battery-factory-opens-in-just-six-weeks/,Nawaf Parkar,Technical Procurement Specialist,https://www.linkedin.com/in/nawaf-parkar-75553445,nawaf@momentenergy.com,VERIFIED,email
Prolec GE,tier_2,"$140M investment to double transformer production at its Goldsboro, NC facility",https://www.prolec.energy/news/prolec-ge-invests-an-additional-140-million-in-the-u-s-to-support-north-american-electric-grid-goals/,Brianna Effinger,Sourcing Analyst,https://www.linkedin.com/in/briannaeffinger,brianna.effinger@prolec.energy,VERIFIED,email
Amperesand,tier_2,$80M Series A to scale solid-state transformers for hyperscale AI data centers,https://www.businesswire.com/news/home/20251118244299/en/Amperesand-Raises-$80M-Series-A-Co-led-by-Walden-Catalyst-Ventures-and-Temasek-to-Redefine-Power-Infrastructure-for-AI-Data-Centers,Vidyut Viswanath,Associate Buyer,https://www.linkedin.com/in/vidyut-viswanath,,solo LinkedIn,LinkedIn
Bloom Energy,tier_2,"~$100M to double fuel-cell capacity 1GW to 2GW at Fremont, CA plant by end of 2026",https://fuelcellsworks.com/2025/08/05/hydrogen-economy/bloom-energy-reports-record-q2-revenue-targets-2gw-fuel-cell-expansion-amid-ai-data-centre-boom,Olivier Clerc,"Senior Manager, Materials Program Management and Strategic Sourcing (Supply Chain NPI)",https://www.linkedin.com/in/olivier-clerc1,,solo LinkedIn,LinkedIn
