account_name,domain,company_category,sub_segment,contact_name,contact_title,linkedin_url,contact_email,email_status,committee_source,email_provider,credits_spent_email
FuelCell Energy,fuelcellenergy.com,Cat4,4B,Anuj Bhagat,Supply Chain Manager / Commodity Manager - Strategic Sourcing,linkedin.com/in/anuj-bhagat,,NOT_FOUND,wiza_search_prospects,none,0
Panasonic (data center battery business),panasonicnv.com,Cat4,4B,Aya Kasai,Direct Procurement Buyer II,linkedin.com/in/aya-kasai-38782387,,NOT_FOUND,wiza_search_prospects,none,0
Pioneer Custom Electrical Products,pioneercep.com,Cat4,4B,,,,,name_not_found_free,wiza_search_prospects,none,0
TMC Transformers,tmctransformers.com,Cat4,4B,Dennis Palladini,Supply Chain,linkedin.com/in/dennis-palladini-909356123,d.palladini@tmctransformers.com,VERIFIED,wiza_search_prospects,hunter,0.3
Heron Power,heronpower.com,Cat4,4C,Drew Baglino,Founder and Chief Executive Officer,linkedin.com/in/baglino,drew@heronpower.com,VERIFIED,wiza_search_prospects,hunter,0.3
XL Batteries,xlbatteries.com,Cat4,4C,Thomas Sisto,CEO/Co-Founder,linkedin.com/in/thomas-sisto-07330a172,tsisto@xlbatteries.com,VERIFIED,wiza_search_prospects,hunter,0.3
Mitsubishi Electric Power Products,mitsubishielectricpowerproducts.com,Cat4,4A,,,,,sub_segment_unsupported,,,0
Hitachi Energy,hitachienergy.com,Cat4,4A,,,,,sub_segment_unsupported,,,0
Voltaris,voltarispower.com,Cat4,4A,,,,,sub_segment_unsupported,,,0
Cleveland-Cliffs (Weirton WV transformer plant),clevelandcliffs.com,Cat4,,,,,,sub_segment_missing,,,0
GTI Energy,gti.energy,Cat4,,,,,,sub_segment_missing,,,0
Dragonfly Energy,dragonflyenergy.com,Cat4,,,,,,sub_segment_missing,,,0
Continental Battery Systems,continentalbattery.com,Cat4,,,,,,sub_segment_missing,,,0
Avangrid Renewables,avangridren.com,Cat4,,,,,,sub_segment_missing,,,0
Atlas Renewable Energy,atlasrenewableenergy.com,Cat4,,,,,,sub_segment_missing,,,0
Forgent Power Solutions,forgentpower.com,Cat4,,,,,,sub_segment_missing,,,0
EcoFlow,ecoflow.com,Cat4,,,,,,sub_segment_missing,,,0
Ecobat,ecobatbattery.com,Cat4,,,,,,sub_segment_missing,,,0
National Power Corporation,nationalpower.com,Cat4,,,,,,sub_segment_missing,,,0
iTECH,itecheng.com,Cat4,,,,,,sub_segment_missing,,,0
LS Power,lspower.com,Cat4,,,,,,sub_segment_missing,,,0
Ocean Power Technologies,oceanpowertechnologies.com,Cat4,,,,,,sub_segment_missing,,,0
Recurrent Energy,recurrentenergy.com,Cat4,,,,,,sub_segment_missing,,,0
Pattern Energy,patternenergy.com,Cat4,,,,,,sub_segment_missing,,,0
REC Solar,recsolar.com,Cat4,,,,,,sub_segment_missing,,,0
Stone Martin Builders,stonemartinbuilders.com,Cat4,,,,,,sub_segment_missing,,,0
Trojan Battery Company,trojanbattery.com,Cat4,,,,,,sub_segment_missing,,,0
