account_name,domain,company_category,sub_segment_new,priority,vertical,icp_verdict,reason
Cleveland-Cliffs (Weirton WV transformer plant),clevelandcliffs.com,Cat4,undetermined,undetermined,undetermined,undetermined,"Standalone transformer-plant project reported paused as of a May-2025 news article; parent Cleveland-Cliffs is a diversified steel/mining conglomerate, not itself a Cat4 archetype -- can't confirm the plant is still an active going concern"
GTI Energy,gti.energy,Cat4,4A,P2,Aldahir,IN,"Division of GTI Fabrication, a multi-focus contract manufacturer (BESS, HVAC, data-center infra, defense) across 3 plants (Buffalo/Phoenix/Goodyear) -- matches integrated-platform archetype"
Dragonfly Energy,dragonflyenergy.com,Cat4,4B,P1,Aldahir,IN,"Founded 2012, established single-category lithium-battery manufacturer, 400k+ units sold, now public (SPAC) -- established single-product OEM, meaningful scale"
Continental Battery Systems,continentalbattery.com,Cat4,undetermined,undetermined,undetermined,OUT,"Aftermarket battery distributor (200+ branches, 45k dealer locations, 2021 merger) -- not a manufacturer/fabricator"
Avangrid Renewables,avangridren.com,Cat4,undetermined,undetermined,undetermined,OUT,"Utility/renewable power developer-operator (Iberdrola subsidiary, ~$33B assets) -- no equipment fabrication scope"
Atlas Renewable Energy,atlasrenewableenergy.com,Cat4,undetermined,undetermined,undetermined,OUT,"Independent power producer developing/operating solar-wind projects (8.4GW portfolio, LatAm) -- project developer, not a manufacturer"
Forgent Power Solutions,forgentpower.com,Cat4,4A,P2,Aldahir,IN,"Parent brand (since 2023) of MGM Transformers/PwrQ/States Mfg/VanTran -- 10 plants, 2.3M sqft, $882M sales, broad electrical-distribution catalog. FLAG: same corporate family as the already-processed ""MGM Transformers / VanTran"" account -- likely duplicate/related entity, needs a dedupe decision"
EcoFlow,ecoflow.com,Cat4,undetermined,undetermined,undetermined,OUT,"Consumer DTC portable power-station brand (retail/e-commerce, ~$1B valuation) -- consumer electronics, not industrial data-center equipment"
Ecobat,ecobatbattery.com,Cat4,undetermined,undetermined,undetermined,OUT,"World's largest battery recycler / secondary-lead producer -- materials recovery, not an equipment/enclosure fabricator"
National Power Corporation,nationalpower.com,Cat4,undetermined,undetermined,undetermined,undetermined,"Site (natpow.com) describes design/install/maintenance services for generators/UPS at data centers -- can't confirm whether they manufacture their own equipment or integrate/service third-party gear"
iTECH,itecheng.com,Cat4,undetermined,undetermined,undetermined,OUT,"Since 1996, manufactures small-form batteries/chargers/docking stations for medical devices and handheld electronics -- product-category mismatch, not data-center power/energy-storage equipment"
LS Power,lspower.com,Cat4,undetermined,undetermined,undetermined,OUT,"Developer/owner/operator of power generation and transmission infrastructure (50,000MW since 1990) -- explicitly not an equipment manufacturer"
Ocean Power Technologies,oceanpowertechnologies.com,Cat4,undetermined,undetermined,undetermined,undetermined,"Manufactures niche offshore wave-energy buoys/undersea substation pods (72 employees) for maritime/defense/oil&gas -- real small manufacturer, but no evident data-center application"
Recurrent Energy,recurrentenergy.com,Cat4,undetermined,undetermined,undetermined,OUT,"Canadian Solar subsidiary; utility-scale solar/storage project developer (12.2GW solar + 6.4GWh storage delivered) -- not a manufacturer"
Pattern Energy,patternenergy.com,Cat4,undetermined,undetermined,undetermined,OUT,"Integrated developer/owner/operator of wind/solar/transmission/storage projects (~6,000MW) -- explicitly does not manufacture equipment"
REC Solar,recsolar.com,Cat4,undetermined,undetermined,undetermined,OUT,"REC Solar Commercial Corp (Duke Energy subsidiary since 2017) is a commercial solar EPC/installer, not a manufacturer. Distinct from Norway's REC Group panel maker (recgroup.com) -- don't conflate"
Stone Martin Builders,stonemartinbuilders.com,Cat4,undetermined,undetermined,undetermined,OUT,"Alabama residential homebuilder with a newly launched general commercial-construction division ($17.4M revenue) -- general contractor, no evidence of power/electrical or energy-storage manufacturing; likely a sourcing mismatch"
Trojan Battery Company,trojanbattery.com,Cat4,4B,P1,Aldahir,IN,"Founded 1925, world-leading deep-cycle battery manufacturer with own ISO-certified plants (CA/GA), acquired by C&D Technologies 2018 -- established single-category OEM"
