account_name,domain,company_category,sub_segment,priority,vertical_owner,signal_date
Stryten Energy,stryten.com,Cat4,4B,P1,Aldahir,2025-03-31
Enercon Engineering,enerconpower.com,Cat4,4B,P1,Aldahir,2026-02-19
MGM Transformers / VanTran,mgmtransformers.com,Cat4,4B,P1,Aldahir,2025-04-24
Cleveland-Cliffs (Weirton WV transformer plant),clevelandcliffs.com,Cat4,,,Aldahir,
GTI Energy,gti.energy,Cat4,,,Aldahir,
DG Matrix,dgmatrix.com,Cat4,4C,P1,Aldahir,2026-02
Dragonfly Energy,dragonflyenergy.com,Cat4,,,Aldahir,
Continental Battery Systems,continentalbattery.com,Cat4,,,Aldahir,
Avangrid Renewables,avangridren.com,Cat4,,,Aldahir,
Atlas Renewable Energy,atlasrenewableenergy.com,Cat4,,,Aldahir,
FuelCell Energy,fce.com,Cat4,4B,P1,Aldahir,2026-01-20
Exowatt,exowatt.com,Cat4,4C,P1,Aldahir,2025-11
Forgent Power Solutions,forgentpower.com,Cat4,,,Aldahir,
EcoFlow,ecoflow.com,Cat4,,,Aldahir,
Ecobat,ecobatbattery.com,Cat4,,,Aldahir,
Heron Power,heronpower.com,Cat4,4C,P1,Aldahir,2026-02-18
Mitsubishi Electric Power Products,mitsubishielectricpowerproducts.com,Cat4,4A,P2,Aldahir,2026
Hitachi Energy,hitachienergy.com,Cat4,4A,P2,Aldahir,2026-06-29
National Power Corporation,nationalpower.com,Cat4,,,Aldahir,
iTECH,itecheng.com,Cat4,,,Aldahir,
LS Power,lspower.com,Cat4,,,Aldahir,
Ocean Power Technologies,oceanpowertechnologies.com,Cat4,,,Aldahir,
Panasonic (data center battery business),panasonic.com,Cat4,4B,P1,Aldahir,2026-06-08
Pioneer Custom Electrical Products,pioneercep.com,Cat4,4B,P1,Aldahir,2025-08
Recurrent Energy,recurrentenergy.com,Cat4,,,Aldahir,
Pattern Energy,patternenergy.com,Cat4,,,Aldahir,
REC Solar,recsolar.com,Cat4,,,Aldahir,
Stone Martin Builders,stonemartinbuilders.com,Cat4,,,Aldahir,
Voltaris,voltarispower.com,Cat4,4A,P2,Aldahir,2025-08
TMC Transformers,tmctransformers.us,Cat4,4B,P1,Aldahir,2024-10
XL Batteries,,Cat4,4C,P1,Aldahir,2025-04
Trojan Battery Company,trojanbattery.com,Cat4,,,Aldahir,
RunPod,runpod.io,Cat1,N/A-Cat1,P1,,2026-06-24
xAI,x.ai,Cat1,N/A-Cat1,P2,,2026-01-08
