account_name,vertical,sub_segment,priority,signal_source,angle,contact_name,contact_email,date_e1_sent,date_li_sent,date_e2_sent,date_e3_sent,reply_status,reply_date,notes
"ESS Tech, Inc. (NYSE: GWH)",Energy Storage,4B,P1,capacity_expansion,E1_overflow,Stacy Ristvedt,stacy.ristvedt@essinc.com,,,,,,,
Form Energy,Energy Storage,4C,P1,capacity_expansion,E1_overflow,Alex Mannion,amannion@formenergy.com,,,,,,,
Industrial Electric Mfg. (IEM),Power & Electrical,4B,P1,capacity_expansion,E1_overflow,Baljit Stocks,baljit.reyat@iemfg.com,,,,,,,
INNIO,Power & Electrical,4B,P1,capacity_expansion,E1_overflow,Martin Ruetz,martin.ruetz@innio.com,,,,,,,
PCX Corporation,Power & Electrical,4B,P1,capacity_expansion,E1_overflow,James Vinson,vinson@pcxcorp.com,,,,,,,
Sparkstone Electrical Group (SEG),Power & Electrical,4A,P2,capacity_expansion,E1_overflow,Miguel Angel Garcia,miguel.garcia@sparkstone.com,,,,,,,
Eos Energy Enterprises,Energy Storage,4B,P1,capacity_expansion,E1_overflow,Will Nauman,wnauman@eose.com,,,,,,,
EPC Power,frontera-verificar,4B,P1,capacity_expansion,E1_overflow,Matt Leneway,matt.leneway@epcpower.com,,,,,,,
Moment Energy,Energy Storage,4C,P1,capacity_expansion,E1_overflow,Nawaf Parkar,nawaf@momentenergy.com,,,,,,,
Prolec GE,Power & Electrical,4B,P1,capacity_expansion,E1_overflow,Brianna Effinger,brianna.effinger@prolec.energy,,,,,,,
Giga Energy,Power & Electrical,4B,P1,capacity_expansion,E1_overflow,Pratik Chavda,pratik@gigaenergy.com,,,,,,,
Pennsylvania Transformer Technology (PTT),Power & Electrical,4B,P1,capacity_expansion,E1_overflow,Jigar Shah,jshah@patransformer.com,,,,,,,
Ayr Energy,Power & Electrical,4C,P1,funding,E1_overflow,Wasi Mohd,wasi@ayr.energy,,,,,,,
CORE Transformers,Power & Electrical,4C,P1,funding,E1_overflow,Richard Raulstone,richard@coretransformers.com,,,,,,,
CEL Critical Power,Power & Electrical,4B,P1,capacity_expansion,E1_overflow,Thiago Angioletti,thiago.angioletti@cel-criticalpower.com,,,,,,,
Nostromo Energy,Energy Storage,4C,P1,funding,E1_overflow,Doug Poffinbarger,doug.p@nostromo.energy,,,,,,,
EnerVenue,Energy Storage,4C,P1,funding,E1_overflow,Santhosh Medeti,santhosh.medeti@enervenue.com,,,,,,,
Electrified Thermal Solutions,Energy Storage,4C,P1,funding,E1_overflow,Tom Holmes,tom.holmes@electrifiedthermal.com,,,,,,,
Redwood Materials,Energy Storage,4C,P1,funding,E1_overflow,Touch Reth,touch@redwoodmaterials.com,,,,,,,
