account_name,contact_name,priority_tier,domain,linkedin_url,contact_email,email_status,provider_resolved,waterfall_detail
Eos Energy Enterprises,Matthew Wagner,ALTA,eose.com,https://www.linkedin.com/in/matthew-wagner-16-marketing,mwagner@eose.com,VERIFIED,hunter_email_finder,"Hunter: accept_all=false, verification.status=valid, checked 2026-08-18"
Moment Energy,Genie Fan,ALTA,momentenergy.com,https://www.linkedin.com/in/geniefan,genie@momentenergy.com,VERIFIED,hunter_email_finder,"Hunter: accept_all=false, verification.status=valid, checked 2026-08-18"
Prolec GE,Eric Vogelmann,ALTA,prolec.energy,https://www.linkedin.com/in/eric-vogelmann-543a48a,,NOT_FOUND,none,"Hunter: no candidate found; icypeas: no result, checked 2026-08-18"
JST Power Equipment,June W.,ALTA,jstpower.com,https://www.linkedin.com/in/june-w-2913009b,,NOT_FOUND,none,"Hunter: no candidate found (last_name 'W.' is an abbreviation, too short to pattern-match); icypeas: no result, checked 2026-08-18"
JST Power Equipment,Mark A. Smith,SECUNDARIA,jstpower.com,,msmith@jstpower.com,VERIFIED,hunter_email_finder,"Hunter: accept_all=false, verification.status=valid, checked 2026-08-18"
Peak Energy,Landon Mossburg,SECUNDARIA,peakenergy.com,,,NOT_FOUND,none,"Hunter: no candidate found; icypeas: no result, checked 2026-08-18"
Peak Energy,Cameron Dales,SECUNDARIA,peakenergy.com,https://www.linkedin.com/in/camdales/,,NOT_FOUND,none,"Hunter: no candidate found; icypeas: no result, checked 2026-08-18"
Ford Energy,Lisa Drake,SECUNDARIA,fordenergy.com,https://www.linkedin.com/in/lisa-drake-7208308/,,NOT_FOUND,none,"Hunter: no candidate found; icypeas: no result, checked 2026-08-18"
Bloom Energy,Olivier Clerc,ALTA,bloomenergy.com,https://www.linkedin.com/in/olivier-clerc1,,UNVERIFIED_NO_SENDABLE_EMAIL,none,"Hunter (prior run): accept_all, not enviable; icypeas: no result, checked 2026-08-18. Skipped fresh Hunter call -- domain already confirmed catch-all for this person."
Bloom Energy,Vishal Jori,ALTA,bloomenergy.com,https://www.linkedin.com/in/vishaljori,,UNVERIFIED_NO_SENDABLE_EMAIL,none,"Hunter (prior run): accept_all, not enviable; icypeas: no result, checked 2026-08-18. Skipped fresh Hunter call -- domain already confirmed catch-all for this person."
Amperesand,Vidyut Viswanath,ALTA,amperesand.io,https://www.linkedin.com/in/vidyut-viswanath,,UNVERIFIED_NO_SENDABLE_EMAIL,none,"Hunter (prior run): accept_all, not enviable; icypeas: 10 guessed permutations, ALL certainty=not_found, none used, checked 2026-08-18. Skipped fresh Hunter call -- domain already confirmed catch-all."
HD Hyundai Power Transformers USA,Ivan Garduno,ALTA,hhiamerica.com,https://www.linkedin.com/in/ivan-garduno-aa580b26,,NOT_FOUND,none,"Hunter: no candidate found (re-tried, same as prior run); icypeas: no result, checked 2026-08-18"
HD Hyundai Power Transformers USA,Jinho Kang,SECUNDARIA,hhiamerica.com,,jinho.kang@hhiamerica.com,VERIFIED,hunter_email_finder,"Hunter: accept_all=false, verification.status=valid, checked 2026-08-18"
Form Energy,Catherine Carmichael,ALTA,formenergy.com,https://formenergy.com/team/catherine-carmichael/,ccarmichael@formenergy.com,VERIFIED,hunter_email_finder,"Hunter: accept_all=true but verification.status=valid for this address, checked 2026-08-18"
AB Energy USA,Giuseppe Fiorella,SECUNDARIA,gruppoab.com,https://www.linkedin.com/in/giuseppe-fiorella-a624b230/,giuseppe.fiorella@gruppoab.com,VERIFIED,hunter_email_finder,"Hunter: accept_all=true but verification.status=valid for this address, checked 2026-08-18"
ARC Clean Technology,James Wolf,SECUNDARIA,arc-cleantech.com,https://www.linkedin.com/in/jmwolf01/,jwolf@arc-cleantech.com,VERIFIED,hunter_email_finder,"Hunter: accept_all=false, verification.status=valid, checked 2026-08-18"
EPC Power,Shannon Speakman,ALTA,epcpower.com,https://www.linkedin.com/in/shannon-speakman-39777327,shannon.speakman@epcpower.com,VERIFIED,hunter_email_finder,"Hunter: accept_all=true but verification.status=valid for this address, checked 2026-08-18"
INNIO,Dr. Olaf Berlien,SECUNDARIA,innio.com,,olaf.berlien@innio.com,VERIFIED,hunter_email_finder,"Hunter: accept_all=true but verification.status=valid for this address, checked 2026-08-18"
PCX Corporation,Stevie Prince,ALTA,pcxcorp.com,https://www.linkedin.com/in/stevie-prince-31b292149,,NOT_FOUND,none,"Hunter: no candidate found; icypeas: no result, checked 2026-08-18"
"ESS Tech, Inc. (NYSE: GWH)",Mark Bohnstedt,ALTA,essinc.com,https://www.linkedin.com/in/mark-bohnstedt-7970b044,mark.bohnstedt@essinc.com,VERIFIED,hunter_email_finder,"Hunter: accept_all=false, verification.status=valid, checked 2026-08-18"
Industrial Electric Mfg. (IEM),Roman Sporysh,ALTA,iemfg.com,https://www.linkedin.com/in/roman-sporysh-480218341,roman.sporysh@iemfg.com,VERIFIED,hunter_email_finder,"Hunter: accept_all=false, verification.status=valid, checked 2026-08-18"
American Products,"Brad McCain, CPIM",ALTA,amprod.us,https://www.linkedin.com/in/brad-mccain-cpim-4414ba174,,UNVERIFIED_NO_SENDABLE_EMAIL,none,"Hunter (prior run): accept_all, not enviable; icypeas: no result, checked 2026-08-18. Skipped fresh Hunter call -- domain already confirmed catch-all."
American Products,Destini Skouby,ALTA,amprod.us,https://www.linkedin.com/in/destini-skouby-b97653210,,UNVERIFIED_NO_SENDABLE_EMAIL,none,"Hunter (prior run): accept_all, not enviable; icypeas: no result, checked 2026-08-18. Skipped fresh Hunter call -- domain already confirmed catch-all."
Switchgear Power Systems (SPS),Jean R.,ALTA,switchgearpower.com,https://www.linkedin.com/in/jean-r-883a7415,,NOT_FOUND,none,"Hunter: no candidate found; icypeas: no result, checked 2026-08-18"
Pennsylvania Transformer Technology (PTT),Taylor Janiuk,ALTA,patransformer.com,https://www.linkedin.com/in/taylor-janiuk-b89898171,,NOT_FOUND,none,"Hunter: no candidate found; icypeas: no result, checked 2026-08-18"
Ayr Energy,Prateek Singh,ALTA,ayr.energy,https://www.linkedin.com/in/prateek-singh-a81b39147,prateek.singh@ayr.energy,VERIFIED,hunter_email_finder,"Hunter: accept_all=false, verification.status=valid, checked 2026-08-18"
CEL Critical Power,Eoin Heffernan,ALTA,cel-criticalpower.com,https://www.linkedin.com/in/eoin-heffernan-633b12bb,eoin.heffernan@cel-criticalpower.com,VERIFIED,hunter_email_finder,"Hunter: accept_all=false, verification.status=valid, checked 2026-08-18"
PowerFlo Solutions,Kristi McMahan,ALTA,powerfloltd.com,https://www.linkedin.com/in/kristi-mcmahan-95806643,,UNVERIFIED_NO_SENDABLE_EMAIL,none,"Hunter (prior run): accept_all, not enviable; icypeas: no result, checked 2026-08-18. Skipped fresh Hunter call -- domain already confirmed catch-all."
PowerFlo Solutions,Michael Brannan,SECUNDARIA,powerfloltd.com,https://www.linkedin.com/in/michael-brannan-bb288a238,,UNVERIFIED_NO_SENDABLE_EMAIL,none,"Hunter (prior run): accept_all, not enviable; icypeas: no result, checked 2026-08-18. Skipped fresh Hunter call -- domain already confirmed catch-all."
EnerVenue,Steven Brown,ALTA,enervenue.com,https://theorg.com/org/enervenue/org-chart/steven-brown,,NOT_FOUND,none,"Hunter: no candidate found; icypeas: no result, checked 2026-08-18"
Federal Pacific,Nestor Rivera,SECUNDARIA,federalpacific.com,https://www.linkedin.com/in/nestor-rivera-morga,,NOT_FOUND,none,"Hunter: no candidate found (re-tried, same as prior run); icypeas: no result, checked 2026-08-18"
Central Moloney,Patty King,ALTA,webuildpower.com,https://www.linkedin.com/in/patty-king-39b94934,,NOT_FOUND,none,"Hunter: no candidate found (re-tried, same as prior run); icypeas: no result, checked 2026-08-18"
Redwood Materials,Jennifer Darrough,ALTA,redwoodmaterials.com,https://www.linkedin.com/in/jenniferdarrough,jennifer@redwoodmaterials.com,VERIFIED,hunter_email_finder,"Hunter: accept_all=false, verification.status=valid, checked 2026-08-18"
QuantumScape,Benjamin Sheres,ALTA,quantumscape.com,https://www.linkedin.com/in/benjaminsheres,,UNVERIFIED_NO_SENDABLE_EMAIL,none,"Hunter (prior run): accept_all, not enviable; icypeas: no result, checked 2026-08-18. Skipped fresh Hunter call -- domain already confirmed catch-all."
A123 Systems,Debbie Beason,ALTA,a123systems.com,https://www.linkedin.com/in/debbie-beason-3079ab56,,UNVERIFIED_NO_SENDABLE_EMAIL,none,"Hunter (prior run): accept_all, not enviable; icypeas: no result, checked 2026-08-18. Skipped fresh Hunter call -- domain already confirmed catch-all."
Enovix,Milind Patil,ALTA,enovix.com,https://www.linkedin.com/in/milind-patil-393ab6,,UNVERIFIED_NO_SENDABLE_EMAIL,none,"Hunter (prior run): accept_all, not enviable; icypeas: no result, checked 2026-08-18. Skipped fresh Hunter call -- domain already confirmed catch-all."
Hollingsworth & Vose,Meghann Whitt,ALTA,hollingsworth-vose.com,https://www.linkedin.com/in/meghann-whitt-1441b2105,,NOT_FOUND,none,"Hunter: no candidate found (re-tried, same as prior run); icypeas: no result, checked 2026-08-18"
