block,account_name,company_category,contact_name,contact_title,priority_tier,linkedin_url,contact_email,email_status,provider_resolved,waterfall_detail
1,Voltage Park,Cat1,Frank Basso,Vice President of Infrastructure,,linkedin.com/in/frankbasso,fbasso@voltagepark.com,VERIFIED,hunter_email_finder,"Hunter: accept_all domain but verification.status=valid for this address, checked 2026-08-18"
1,MARA Holdings,Cat2,Brent Shinall,,,linkedin.com/in/brentshinall,brent.shinall@mara.com,VERIFIED,hunter_email_finder,"Hunter: accept_all=false, verification.status=valid, checked 2026-08-18"
1,CleanSpark,Cat2,Bradley Audiss,Senior Vice President of Operations,,https://www.linkedin.com/in/bradleyaudiss,,UNVERIFIED_NO_SENDABLE_EMAIL,none,"Hunter: found baudiss@cleanspark.com but verification.status=accept_all (not enviable per rule) | icypeas: no result (status NONE) | lusha_enrich_person: FAILED - upstream 402 'reached your credit limit' (Lusha's own account, not Deepline balance) - waterfall step unavailable for entire run"
1,Hut 8,Cat2,Joseph Rivera,,,linkedin.com/in/joseph-rivera-25964667,joseph.rivera@hut8.com,VERIFIED,hunter_email_finder,"Hunter: accept_all=false, verification.status=valid, checked 2026-08-10 (cached provider-side)"
1,Cipher Mining,Cat2,Adam Ziskind,,,linkedin.com/in/adam-ziskind,adam.ziskind@ciphermining.com,VERIFIED,hunter_email_finder,"Hunter: accept_all=false, verification.status=valid, checked 2026-08-11 (cached provider-side)"
2,CoreWeave,Cat1,Karl Braitberg,"SVP, Supply Chain & Capacity Management",PRINCIPAL,https://www.linkedin.com/in/karl-braitberg-a730726/,,UNVERIFIED_NO_SENDABLE_EMAIL,none,"Hunter: found kbraitberg@coreweave.com but verification.status=accept_all (not enviable) | icypeas: no result | lusha: unavailable (upstream credit limit)"
2,CoreWeave,Cat1,Richard DeFalco,"Vice President, Operations",PRINCIPAL,https://www.linkedin.com/in/richard-defalco-8b500325/,,UNVERIFIED_NO_SENDABLE_EMAIL,none,"Hunter: found rdefalco@coreweave.com but verification.status=accept_all (not enviable) | icypeas: no result | lusha: unavailable (upstream credit limit)"
2,Fluidstack,Cat1,Zach Alexander,Head of Operations,PRINCIPAL,https://www.linkedin.com/in/zacharygreyalexander/,zach@fluidstack.io,VERIFIED,hunter_email_finder,"Hunter: accept_all=true but verification.status=valid for this address, checked 2026-08-18"
2,Fluidstack,Cat1,Indigo Evans,Head of Data-Center Operations,PRINCIPAL,https://theorg.com/org/fluidstack/org-chart/indigo-evans,,NOT_FOUND,none,"Hunter: no candidate found (company lookup only, no domain resolved) | icypeas: no result | lusha: unavailable (upstream credit limit) | note: LinkedIn URL on file is a theorg.com bio page, not a real LinkedIn profile"
2,Rosendin Electric,Cat3,Marshall Giasson,"Senior Manager, Supply Chain (Modular Power Solutions)",Principal,https://www.linkedin.com/in/marshall-giasson-441177147/,,NOT_FOUND,none,"Hunter: no candidate found via company name | icypeas: no result | lusha: unavailable (upstream credit limit)"
2,Rosendin Electric,Cat3,Steve Robinson,Manager of Procurement,Principal,https://www.linkedin.com/in/steve-robinson-70a69916/,,NOT_FOUND,none,"Hunter: no candidate found via company name | icypeas: no result | lusha: unavailable (upstream credit limit)"
2,Excellerate,Cat3,Lee Roberts,Vice President Operations (listed at FTI parent level),Secundario,https://theorg.com/org/excellerate/org-chart/lee-roberts,,NOT_FOUND,none,"Hunter: resolved domain excellerate.ca but no email found | icypeas: returned 10 guessed permutations against excellerateservices.co.za (South Africa), ALL certainty=not_found - likely wrong company entirely, none used | lusha: unavailable (upstream credit limit)"
2,Cupertino Electric,Cat3,Ryan Huerter,Director of Procurement,Principal,https://www.linkedin.com/in/ryan-huerter/,ryan_huerter@cei.com,VERIFIED,hunter_email_finder,"Hunter: accept_all=false, verification.status=valid, checked 2026-07-26 (cached provider-side)"
